,Main_date
0,2022-03-01 00:00:00
1,2022-03-01 00:15:00
2,2022-03-01 00:30:00
3,2022-03-01 00:45:00
4,2022-03-01 01:00:00
5,2022-03-01 01:15:00
6,2022-03-01 01:30:00
7,2022-03-01 01:45:00
8,2022-03-01 02:00:00
9,2022-03-01 02:15:00
10,2022-03-01 02:30:00
11,2022-03-01 02:45:00
12,2022-03-01 03:00:00
13,2022-03-01 03:15:00
14,2022-03-01 03:30:00
15,2022-03-01 03:45:00
16,2022-03-01 04:00:00
17,2022-03-01 04:15:00
18,2022-03-01 04:30:00
19,2022-03-01 04:45:00
20,2022-03-01 05:00:00
21,2022-03-01 05:15:00
22,2022-03-01 05:30:00
23,2022-03-01 05:45:00
24,2022-03-01 06:00:00
25,2022-03-01 06:15:00
26,2022-03-01 06:30:00
27,2022-03-01 06:45:00
28,2022-03-01 07:00:00
29,2022-03-01 07:15:00
30,2022-03-01 07:30:00
31,2022-03-01 07:45:00
32,2022-03-01 08:00:00
33,2022-03-01 08:15:00
34,2022-03-01 08:30:00
35,2022-03-01 08:45:00
36,2022-03-01 09:00:00
37,2022-03-01 09:15:00
38,2022-03-01 09:30:00
39,2022-03-01 09:45:00
40,2022-03-01 10:00:00
41,2022-03-01 10:15:00
42,2022-03-01 10:30:00
43,2022-03-01 10:45:00
44,2022-03-01 11:00:00
45,2022-03-01 11:15:00
46,2022-03-01 11:30:00
47,2022-03-01 11:45:00
48,2022-03-01 12:00:00
49,2022-03-01 12:15:00
50,2022-03-01 12:30:00
51,2022-03-01 12:45:00
52,2022-03-01 13:00:00
53,2022-03-01 13:15:00
54,2022-03-01 13:30:00
55,2022-03-01 13:45:00
56,2022-03-01 14:00:00
57,2022-03-01 14:15:00
58,2022-03-01 14:30:00
59,2022-03-01 14:45:00
60,2022-03-01 15:00:00
61,2022-03-01 15:15:00
62,2022-03-01 15:30:00
63,2022-03-01 15:45:00
64,2022-03-01 16:00:00
65,2022-03-01 16:15:00
66,2022-03-01 16:30:00
67,2022-03-01 16:45:00
68,2022-03-01 17:00:00
69,2022-03-01 17:15:00
70,2022-03-01 17:30:00
71,2022-03-01 17:45:00
72,2022-03-01 18:00:00
73,2022-03-01 18:15:00
74,2022-03-01 18:30:00
75,2022-03-01 18:45:00
76,2022-03-01 19:00:00
77,2022-03-01 19:15:00
78,2022-03-01 19:30:00
79,2022-03-01 19:45:00
80,2022-03-01 20:00:00
81,2022-03-01 20:15:00
82,2022-03-01 20:30:00
83,2022-03-01 20:45:00
84,2022-03-01 21:00:00
85,2022-03-01 21:15:00
86,2022-03-01 21:30:00
87,2022-03-01 21:45:00
88,2022-03-01 22:00:00
89,2022-03-01 22:15:00
90,2022-03-01 22:30:00
91,2022-03-01 22:45:00
92,2022-03-01 23:00:00
93,2022-03-01 23:15:00
94,2022-03-01 23:30:00
95,2022-03-01 23:45:00
96,2022-03-02 00:00:00
97,2022-03-02 00:15:00
98,2022-03-02 00:30:00
99,2022-03-02 00:45:00
100,2022-03-02 01:00:00
101,2022-03-02 01:15:00
102,2022-03-02 01:30:00
103,2022-03-02 01:45:00
104,2022-03-02 02:00:00
105,2022-03-02 02:15:00
106,2022-03-02 02:30:00
107,2022-03-02 02:45:00
108,2022-03-02 03:00:00
109,2022-03-02 03:15:00
110,2022-03-02 03:30:00
111,2022-03-02 03:45:00
112,2022-03-02 04:00:00
113,2022-03-02 04:15:00
114,2022-03-02 04:30:00
115,2022-03-02 04:45:00
116,2022-03-02 05:00:00
117,2022-03-02 05:15:00
118,2022-03-02 05:30:00
119,2022-03-02 05:45:00
120,2022-03-02 06:00:00
121,2022-03-02 06:15:00
122,2022-03-02 06:30:00
123,2022-03-02 06:45:00
124,2022-03-02 07:00:00
125,2022-03-02 07:15:00
126,2022-03-02 07:30:00
127,2022-03-02 07:45:00
128,2022-03-02 08:00:00
129,2022-03-02 08:15:00
130,2022-03-02 08:30:00
131,2022-03-02 08:45:00
132,2022-03-02 09:00:00
133,2022-03-02 09:15:00
134,2022-03-02 09:30:00
135,2022-03-02 09:45:00
136,2022-03-02 10:00:00
137,2022-03-02 10:15:00
138,2022-03-02 10:30:00
139,2022-03-02 10:45:00
140,2022-03-02 11:00:00
141,2022-03-02 11:15:00
142,2022-03-02 11:30:00
143,2022-03-02 11:45:00
144,2022-03-02 12:00:00
145,2022-03-02 12:15:00
146,2022-03-02 12:30:00
147,2022-03-02 12:45:00
148,2022-03-02 13:00:00
149,2022-03-02 13:15:00
150,2022-03-02 13:30:00
151,2022-03-02 13:45:00
152,2022-03-02 14:00:00
153,2022-03-02 14:15:00
154,2022-03-02 14:30:00
155,2022-03-02 14:45:00
156,2022-03-02 15:00:00
157,2022-03-02 15:15:00
158,2022-03-02 15:30:00
159,2022-03-02 15:45:00
160,2022-03-02 16:00:00
161,2022-03-02 16:15:00
162,2022-03-02 16:30:00
163,2022-03-02 16:45:00
164,2022-03-02 17:00:00
165,2022-03-02 17:15:00
166,2022-03-02 17:30:00
167,2022-03-02 17:45:00
168,2022-03-02 18:00:00
169,2022-03-02 18:15:00
170,2022-03-02 18:30:00
171,2022-03-02 18:45:00
172,2022-03-02 19:00:00
173,2022-03-02 19:15:00
174,2022-03-02 19:30:00
175,2022-03-02 19:45:00
176,2022-03-02 20:00:00
177,2022-03-02 20:15:00
178,2022-03-02 20:30:00
179,2022-03-02 20:45:00
180,2022-03-02 21:00:00
181,2022-03-02 21:15:00
182,2022-03-02 21:30:00
183,2022-03-02 21:45:00
184,2022-03-02 22:00:00
185,2022-03-02 22:15:00
186,2022-03-02 22:30:00
187,2022-03-02 22:45:00
188,2022-03-02 23:00:00
189,2022-03-02 23:15:00
190,2022-03-02 23:30:00
191,2022-03-02 23:45:00
192,2022-03-03 00:00:00
193,2022-03-03 00:15:00
194,2022-03-03 00:30:00
195,2022-03-03 00:45:00
196,2022-03-03 01:00:00
197,2022-03-03 01:15:00
198,2022-03-03 01:30:00
199,2022-03-03 01:45:00
200,2022-03-03 02:00:00
201,2022-03-03 02:15:00
202,2022-03-03 02:30:00
203,2022-03-03 02:45:00
204,2022-03-03 03:00:00
205,2022-03-03 03:15:00
206,2022-03-03 03:30:00
207,2022-03-03 03:45:00
208,2022-03-03 04:00:00
209,2022-03-03 04:15:00
210,2022-03-03 04:30:00
211,2022-03-03 04:45:00
212,2022-03-03 05:00:00
213,2022-03-03 05:15:00
214,2022-03-03 05:30:00
215,2022-03-03 05:45:00
216,2022-03-03 06:00:00
217,2022-03-03 06:15:00
218,2022-03-03 06:30:00
219,2022-03-03 06:45:00
220,2022-03-03 07:00:00
221,2022-03-03 07:15:00
222,2022-03-03 07:30:00
223,2022-03-03 07:45:00
224,2022-03-03 08:00:00
225,2022-03-03 08:15:00
226,2022-03-03 08:30:00
227,2022-03-03 08:45:00
228,2022-03-03 09:00:00
229,2022-03-03 09:15:00
230,2022-03-03 09:30:00
231,2022-03-03 09:45:00
232,2022-03-03 10:00:00
233,2022-03-03 10:15:00
234,2022-03-03 10:30:00
235,2022-03-03 10:45:00
236,2022-03-03 11:00:00
237,2022-03-03 11:15:00
238,2022-03-03 11:30:00
239,2022-03-03 11:45:00
240,2022-03-03 12:00:00
241,2022-03-03 12:15:00
242,2022-03-03 12:30:00
243,2022-03-03 12:45:00
244,2022-03-03 13:00:00
245,2022-03-03 13:15:00
246,2022-03-03 13:30:00
247,2022-03-03 13:45:00
248,2022-03-03 14:00:00
249,2022-03-03 14:15:00
250,2022-03-03 14:30:00
251,2022-03-03 14:45:00
252,2022-03-03 15:00:00
253,2022-03-03 15:15:00
254,2022-03-03 15:30:00
255,2022-03-03 15:45:00
256,2022-03-03 16:00:00
257,2022-03-03 16:15:00
258,2022-03-03 16:30:00
259,2022-03-03 16:45:00
260,2022-03-03 17:00:00
261,2022-03-03 17:15:00
262,2022-03-03 17:30:00
263,2022-03-03 17:45:00
264,2022-03-03 18:00:00
265,2022-03-03 18:15:00
266,2022-03-03 18:30:00
267,2022-03-03 18:45:00
268,2022-03-03 19:00:00
269,2022-03-03 19:15:00
270,2022-03-03 19:30:00
271,2022-03-03 19:45:00
272,2022-03-03 20:00:00
273,2022-03-03 20:15:00
274,2022-03-03 20:30:00
275,2022-03-03 20:45:00
276,2022-03-03 21:00:00
277,2022-03-03 21:15:00
278,2022-03-03 21:30:00
279,2022-03-03 21:45:00
280,2022-03-03 22:00:00
281,2022-03-03 22:15:00
282,2022-03-03 22:30:00
283,2022-03-03 22:45:00
284,2022-03-03 23:00:00
285,2022-03-03 23:15:00
286,2022-03-03 23:30:00
287,2022-03-03 23:45:00
288,2022-03-04 00:00:00
289,2022-03-04 00:15:00
290,2022-03-04 00:30:00
291,2022-03-04 00:45:00
292,2022-03-04 01:00:00
293,2022-03-04 01:15:00
294,2022-03-04 01:30:00
295,2022-03-04 01:45:00
296,2022-03-04 02:00:00
297,2022-03-04 02:15:00
298,2022-03-04 02:30:00
299,2022-03-04 02:45:00
300,2022-03-04 03:00:00
301,2022-03-04 03:15:00
302,2022-03-04 03:30:00
303,2022-03-04 03:45:00
304,2022-03-04 04:00:00
305,2022-03-04 04:15:00
306,2022-03-04 04:30:00
307,2022-03-04 04:45:00
308,2022-03-04 05:00:00
309,2022-03-04 05:15:00
310,2022-03-04 05:30:00
311,2022-03-04 05:45:00
312,2022-03-04 06:00:00
313,2022-03-04 06:15:00
314,2022-03-04 06:30:00
315,2022-03-04 06:45:00
316,2022-03-04 07:00:00
317,2022-03-04 07:15:00
318,2022-03-04 07:30:00
319,2022-03-04 07:45:00
320,2022-03-04 08:00:00
321,2022-03-04 08:15:00
322,2022-03-04 08:30:00
323,2022-03-04 08:45:00
324,2022-03-04 09:00:00
325,2022-03-04 09:15:00
326,2022-03-04 09:30:00
327,2022-03-04 09:45:00
328,2022-03-04 10:00:00
329,2022-03-04 10:15:00
330,2022-03-04 10:30:00
331,2022-03-04 10:45:00
332,2022-03-04 11:00:00
333,2022-03-04 11:15:00
334,2022-03-04 11:30:00
335,2022-03-04 11:45:00
336,2022-03-04 12:00:00
337,2022-03-04 12:15:00
338,2022-03-04 12:30:00
339,2022-03-04 12:45:00
340,2022-03-04 13:00:00
341,2022-03-04 13:15:00
342,2022-03-04 13:30:00
343,2022-03-04 13:45:00
344,2022-03-04 14:00:00
345,2022-03-04 14:15:00
346,2022-03-04 14:30:00
347,2022-03-04 14:45:00
348,2022-03-04 15:00:00
349,2022-03-04 15:15:00
350,2022-03-04 15:30:00
351,2022-03-04 15:45:00
352,2022-03-04 16:00:00
353,2022-03-04 16:15:00
354,2022-03-04 16:30:00
355,2022-03-04 16:45:00
356,2022-03-04 17:00:00
357,2022-03-04 17:15:00
358,2022-03-04 17:30:00
359,2022-03-04 17:45:00
360,2022-03-04 18:00:00
361,2022-03-04 18:15:00
362,2022-03-04 18:30:00
363,2022-03-04 18:45:00
364,2022-03-04 19:00:00
365,2022-03-04 19:15:00
366,2022-03-04 19:30:00
367,2022-03-04 19:45:00
368,2022-03-04 20:00:00
369,2022-03-04 20:15:00
370,2022-03-04 20:30:00
371,2022-03-04 20:45:00
372,2022-03-04 21:00:00
373,2022-03-04 21:15:00
374,2022-03-04 21:30:00
375,2022-03-04 21:45:00
376,2022-03-04 22:00:00
377,2022-03-04 22:15:00
378,2022-03-04 22:30:00
379,2022-03-04 22:45:00
380,2022-03-04 23:00:00
381,2022-03-04 23:15:00
382,2022-03-04 23:30:00
383,2022-03-04 23:45:00
384,2022-03-05 00:00:00
385,2022-03-05 00:15:00
386,2022-03-05 00:30:00
387,2022-03-05 00:45:00
388,2022-03-05 01:00:00
389,2022-03-05 01:15:00
390,2022-03-05 01:30:00
391,2022-03-05 01:45:00
392,2022-03-05 02:00:00
393,2022-03-05 02:15:00
394,2022-03-05 02:30:00
395,2022-03-05 02:45:00
396,2022-03-05 03:00:00
397,2022-03-05 03:15:00
398,2022-03-05 03:30:00
399,2022-03-05 03:45:00
400,2022-03-05 04:00:00
401,2022-03-05 04:15:00
402,2022-03-05 04:30:00
403,2022-03-05 04:45:00
404,2022-03-05 05:00:00
405,2022-03-05 05:15:00
406,2022-03-05 05:30:00
407,2022-03-05 05:45:00
408,2022-03-05 06:00:00
409,2022-03-05 06:15:00
410,2022-03-05 06:30:00
411,2022-03-05 06:45:00
412,2022-03-05 07:00:00
413,2022-03-05 07:15:00
414,2022-03-05 07:30:00
415,2022-03-05 07:45:00
416,2022-03-05 08:00:00
417,2022-03-05 08:15:00
418,2022-03-05 08:30:00
419,2022-03-05 08:45:00
420,2022-03-05 09:00:00
421,2022-03-05 09:15:00
422,2022-03-05 09:30:00
423,2022-03-05 09:45:00
424,2022-03-05 10:00:00
425,2022-03-05 10:15:00
426,2022-03-05 10:30:00
427,2022-03-05 10:45:00
428,2022-03-05 11:00:00
429,2022-03-05 11:15:00
430,2022-03-05 11:30:00
431,2022-03-05 11:45:00
432,2022-03-05 12:00:00
433,2022-03-05 12:15:00
434,2022-03-05 12:30:00
435,2022-03-05 12:45:00
436,2022-03-05 13:00:00
437,2022-03-05 13:15:00
438,2022-03-05 13:30:00
439,2022-03-05 13:45:00
440,2022-03-05 14:00:00
441,2022-03-05 14:15:00
442,2022-03-05 14:30:00
443,2022-03-05 14:45:00
444,2022-03-05 15:00:00
445,2022-03-05 15:15:00
446,2022-03-05 15:30:00
447,2022-03-05 15:45:00
448,2022-03-05 16:00:00
449,2022-03-05 16:15:00
450,2022-03-05 16:30:00
451,2022-03-05 16:45:00
452,2022-03-05 17:00:00
453,2022-03-05 17:15:00
454,2022-03-05 17:30:00
455,2022-03-05 17:45:00
456,2022-03-05 18:00:00
457,2022-03-05 18:15:00
458,2022-03-05 18:30:00
459,2022-03-05 18:45:00
460,2022-03-05 19:00:00
461,2022-03-05 19:15:00
462,2022-03-05 19:30:00
463,2022-03-05 19:45:00
464,2022-03-05 20:00:00
465,2022-03-05 20:15:00
466,2022-03-05 20:30:00
467,2022-03-05 20:45:00
468,2022-03-05 21:00:00
469,2022-03-05 21:15:00
470,2022-03-05 21:30:00
471,2022-03-05 21:45:00
472,2022-03-05 22:00:00
473,2022-03-05 22:15:00
474,2022-03-05 22:30:00
475,2022-03-05 22:45:00
476,2022-03-05 23:00:00
477,2022-03-05 23:15:00
478,2022-03-05 23:30:00
479,2022-03-05 23:45:00
480,2022-03-06 00:00:00
481,2022-03-06 00:15:00
482,2022-03-06 00:30:00
483,2022-03-06 00:45:00
484,2022-03-06 01:00:00
485,2022-03-06 01:15:00
486,2022-03-06 01:30:00
487,2022-03-06 01:45:00
488,2022-03-06 02:00:00
489,2022-03-06 02:15:00
490,2022-03-06 02:30:00
491,2022-03-06 02:45:00
492,2022-03-06 03:00:00
493,2022-03-06 03:15:00
494,2022-03-06 03:30:00
495,2022-03-06 03:45:00
496,2022-03-06 04:00:00
497,2022-03-06 04:15:00
498,2022-03-06 04:30:00
499,2022-03-06 04:45:00
500,2022-03-06 05:00:00
501,2022-03-06 05:15:00
502,2022-03-06 05:30:00
503,2022-03-06 05:45:00
504,2022-03-06 06:00:00
505,2022-03-06 06:15:00
506,2022-03-06 06:30:00
507,2022-03-06 06:45:00
508,2022-03-06 07:00:00
509,2022-03-06 07:15:00
510,2022-03-06 07:30:00
511,2022-03-06 07:45:00
512,2022-03-06 08:00:00
513,2022-03-06 08:15:00
514,2022-03-06 08:30:00
515,2022-03-06 08:45:00
516,2022-03-06 09:00:00
517,2022-03-06 09:15:00
518,2022-03-06 09:30:00
519,2022-03-06 09:45:00
520,2022-03-06 10:00:00
521,2022-03-06 10:15:00
522,2022-03-06 10:30:00
523,2022-03-06 10:45:00
524,2022-03-06 11:00:00
525,2022-03-06 11:15:00
526,2022-03-06 11:30:00
527,2022-03-06 11:45:00
528,2022-03-06 12:00:00
529,2022-03-06 12:15:00
530,2022-03-06 12:30:00
531,2022-03-06 12:45:00
532,2022-03-06 13:00:00
533,2022-03-06 13:15:00
534,2022-03-06 13:30:00
535,2022-03-06 13:45:00
536,2022-03-06 14:00:00
537,2022-03-06 14:15:00
538,2022-03-06 14:30:00
539,2022-03-06 14:45:00
540,2022-03-06 15:00:00
541,2022-03-06 15:15:00
542,2022-03-06 15:30:00
543,2022-03-06 15:45:00
544,2022-03-06 16:00:00
545,2022-03-06 16:15:00
546,2022-03-06 16:30:00
547,2022-03-06 16:45:00
548,2022-03-06 17:00:00
549,2022-03-06 17:15:00
550,2022-03-06 17:30:00
551,2022-03-06 17:45:00
552,2022-03-06 18:00:00
553,2022-03-06 18:15:00
554,2022-03-06 18:30:00
555,2022-03-06 18:45:00
556,2022-03-06 19:00:00
557,2022-03-06 19:15:00
558,2022-03-06 19:30:00
559,2022-03-06 19:45:00
560,2022-03-06 20:00:00
561,2022-03-06 20:15:00
562,2022-03-06 20:30:00
563,2022-03-06 20:45:00
564,2022-03-06 21:00:00
565,2022-03-06 21:15:00
566,2022-03-06 21:30:00
567,2022-03-06 21:45:00
568,2022-03-06 22:00:00
569,2022-03-06 22:15:00
570,2022-03-06 22:30:00
571,2022-03-06 22:45:00
572,2022-03-06 23:00:00
573,2022-03-06 23:15:00
574,2022-03-06 23:30:00
575,2022-03-06 23:45:00
576,2022-03-07 00:00:00
577,2022-03-07 00:15:00
578,2022-03-07 00:30:00
579,2022-03-07 00:45:00
580,2022-03-07 01:00:00
581,2022-03-07 01:15:00
582,2022-03-07 01:30:00
583,2022-03-07 01:45:00
584,2022-03-07 02:00:00
585,2022-03-07 02:15:00
586,2022-03-07 02:30:00
587,2022-03-07 02:45:00
588,2022-03-07 03:00:00
589,2022-03-07 03:15:00
590,2022-03-07 03:30:00
591,2022-03-07 03:45:00
592,2022-03-07 04:00:00
593,2022-03-07 04:15:00
594,2022-03-07 04:30:00
595,2022-03-07 04:45:00
596,2022-03-07 05:00:00
597,2022-03-07 05:15:00
598,2022-03-07 05:30:00
599,2022-03-07 05:45:00
600,2022-03-07 06:00:00
601,2022-03-07 06:15:00
602,2022-03-07 06:30:00
603,2022-03-07 06:45:00
604,2022-03-07 07:00:00
605,2022-03-07 07:15:00
606,2022-03-07 07:30:00
607,2022-03-07 07:45:00
608,2022-03-07 08:00:00
609,2022-03-07 08:15:00
610,2022-03-07 08:30:00
611,2022-03-07 08:45:00
612,2022-03-07 09:00:00
613,2022-03-07 09:15:00
614,2022-03-07 09:30:00
615,2022-03-07 09:45:00
616,2022-03-07 10:00:00
617,2022-03-07 10:15:00
618,2022-03-07 10:30:00
619,2022-03-07 10:45:00
620,2022-03-07 11:00:00
621,2022-03-07 11:15:00
622,2022-03-07 11:30:00
623,2022-03-07 11:45:00
624,2022-03-07 12:00:00
625,2022-03-07 12:15:00
626,2022-03-07 12:30:00
627,2022-03-07 12:45:00
628,2022-03-07 13:00:00
629,2022-03-07 13:15:00
630,2022-03-07 13:30:00
631,2022-03-07 13:45:00
632,2022-03-07 14:00:00
633,2022-03-07 14:15:00
634,2022-03-07 14:30:00
635,2022-03-07 14:45:00
636,2022-03-07 15:00:00
637,2022-03-07 15:15:00
638,2022-03-07 15:30:00
639,2022-03-07 15:45:00
640,2022-03-07 16:00:00
641,2022-03-07 16:15:00
642,2022-03-07 16:30:00
643,2022-03-07 16:45:00
644,2022-03-07 17:00:00
645,2022-03-07 17:15:00
646,2022-03-07 17:30:00
647,2022-03-07 17:45:00
648,2022-03-07 18:00:00
649,2022-03-07 18:15:00
650,2022-03-07 18:30:00
651,2022-03-07 18:45:00
652,2022-03-07 19:00:00
653,2022-03-07 19:15:00
654,2022-03-07 19:30:00
655,2022-03-07 19:45:00
656,2022-03-07 20:00:00
657,2022-03-07 20:15:00
658,2022-03-07 20:30:00
659,2022-03-07 20:45:00
660,2022-03-07 21:00:00
661,2022-03-07 21:15:00
662,2022-03-07 21:30:00
663,2022-03-07 21:45:00
664,2022-03-07 22:00:00
665,2022-03-07 22:15:00
666,2022-03-07 22:30:00
667,2022-03-07 22:45:00
668,2022-03-07 23:00:00
669,2022-03-07 23:15:00
670,2022-03-07 23:30:00
671,2022-03-07 23:45:00
672,2022-03-08 00:00:00
673,2022-03-08 00:15:00
674,2022-03-08 00:30:00
675,2022-03-08 00:45:00
676,2022-03-08 01:00:00
677,2022-03-08 01:15:00
678,2022-03-08 01:30:00
679,2022-03-08 01:45:00
680,2022-03-08 02:00:00
681,2022-03-08 02:15:00
682,2022-03-08 02:30:00
683,2022-03-08 02:45:00
684,2022-03-08 03:00:00
685,2022-03-08 03:15:00
686,2022-03-08 03:30:00
687,2022-03-08 03:45:00
688,2022-03-08 04:00:00
689,2022-03-08 04:15:00
690,2022-03-08 04:30:00
691,2022-03-08 04:45:00
692,2022-03-08 05:00:00
693,2022-03-08 05:15:00
694,2022-03-08 05:30:00
695,2022-03-08 05:45:00
696,2022-03-08 06:00:00
697,2022-03-08 06:15:00
698,2022-03-08 06:30:00
699,2022-03-08 06:45:00
700,2022-03-08 07:00:00
701,2022-03-08 07:15:00
702,2022-03-08 07:30:00
703,2022-03-08 07:45:00
704,2022-03-08 08:00:00
705,2022-03-08 08:15:00
706,2022-03-08 08:30:00
707,2022-03-08 08:45:00
708,2022-03-08 09:00:00
709,2022-03-08 09:15:00
710,2022-03-08 09:30:00
711,2022-03-08 09:45:00
712,2022-03-08 10:00:00
713,2022-03-08 10:15:00
714,2022-03-08 10:30:00
715,2022-03-08 10:45:00
716,2022-03-08 11:00:00
717,2022-03-08 11:15:00
718,2022-03-08 11:30:00
719,2022-03-08 11:45:00
720,2022-03-08 12:00:00
721,2022-03-08 12:15:00
722,2022-03-08 12:30:00
723,2022-03-08 12:45:00
724,2022-03-08 13:00:00
725,2022-03-08 13:15:00
726,2022-03-08 13:30:00
727,2022-03-08 13:45:00
728,2022-03-08 14:00:00
729,2022-03-08 14:15:00
730,2022-03-08 14:30:00
731,2022-03-08 14:45:00
732,2022-03-08 15:00:00
733,2022-03-08 15:15:00
734,2022-03-08 15:30:00
735,2022-03-08 15:45:00
736,2022-03-08 16:00:00
737,2022-03-08 16:15:00
738,2022-03-08 16:30:00
739,2022-03-08 16:45:00
740,2022-03-08 17:00:00
741,2022-03-08 17:15:00
742,2022-03-08 17:30:00
743,2022-03-08 17:45:00
744,2022-03-08 18:00:00
745,2022-03-08 18:15:00
746,2022-03-08 18:30:00
747,2022-03-08 18:45:00
748,2022-03-08 19:00:00
749,2022-03-08 19:15:00
750,2022-03-08 19:30:00
751,2022-03-08 19:45:00
752,2022-03-08 20:00:00
753,2022-03-08 20:15:00
754,2022-03-08 20:30:00
755,2022-03-08 20:45:00
756,2022-03-08 21:00:00
757,2022-03-08 21:15:00
758,2022-03-08 21:30:00
759,2022-03-08 21:45:00
760,2022-03-08 22:00:00
761,2022-03-08 22:15:00
762,2022-03-08 22:30:00
763,2022-03-08 22:45:00
764,2022-03-08 23:00:00
765,2022-03-08 23:15:00
766,2022-03-08 23:30:00
767,2022-03-08 23:45:00
768,2022-03-09 00:00:00
769,2022-03-09 00:15:00
770,2022-03-09 00:30:00
771,2022-03-09 00:45:00
772,2022-03-09 01:00:00
773,2022-03-09 01:15:00
774,2022-03-09 01:30:00
775,2022-03-09 01:45:00
776,2022-03-09 02:00:00
777,2022-03-09 02:15:00
778,2022-03-09 02:30:00
779,2022-03-09 02:45:00
780,2022-03-09 03:00:00
781,2022-03-09 03:15:00
782,2022-03-09 03:30:00
783,2022-03-09 03:45:00
784,2022-03-09 04:00:00
785,2022-03-09 04:15:00
786,2022-03-09 04:30:00
787,2022-03-09 04:45:00
788,2022-03-09 05:00:00
789,2022-03-09 05:15:00
790,2022-03-09 05:30:00
791,2022-03-09 05:45:00
792,2022-03-09 06:00:00
793,2022-03-09 06:15:00
794,2022-03-09 06:30:00
795,2022-03-09 06:45:00
796,2022-03-09 07:00:00
797,2022-03-09 07:15:00
798,2022-03-09 07:30:00
799,2022-03-09 07:45:00
800,2022-03-09 08:00:00
801,2022-03-09 08:15:00
802,2022-03-09 08:30:00
803,2022-03-09 08:45:00
804,2022-03-09 09:00:00
805,2022-03-09 09:15:00
806,2022-03-09 09:30:00
807,2022-03-09 09:45:00
808,2022-03-09 10:00:00
809,2022-03-09 10:15:00
810,2022-03-09 10:30:00
811,2022-03-09 10:45:00
812,2022-03-09 11:00:00
813,2022-03-09 11:15:00
814,2022-03-09 11:30:00
815,2022-03-09 11:45:00
816,2022-03-09 12:00:00
817,2022-03-09 12:15:00
818,2022-03-09 12:30:00
819,2022-03-09 12:45:00
820,2022-03-09 13:00:00
821,2022-03-09 13:15:00
822,2022-03-09 13:30:00
823,2022-03-09 13:45:00
824,2022-03-09 14:00:00
825,2022-03-09 14:15:00
826,2022-03-09 14:30:00
827,2022-03-09 14:45:00
828,2022-03-09 15:00:00
829,2022-03-09 15:15:00
830,2022-03-09 15:30:00
831,2022-03-09 15:45:00
832,2022-03-09 16:00:00
833,2022-03-09 16:15:00
834,2022-03-09 16:30:00
835,2022-03-09 16:45:00
836,2022-03-09 17:00:00
837,2022-03-09 17:15:00
838,2022-03-09 17:30:00
839,2022-03-09 17:45:00
840,2022-03-09 18:00:00
841,2022-03-09 18:15:00
842,2022-03-09 18:30:00
843,2022-03-09 18:45:00
844,2022-03-09 19:00:00
845,2022-03-09 19:15:00
846,2022-03-09 19:30:00
847,2022-03-09 19:45:00
848,2022-03-09 20:00:00
849,2022-03-09 20:15:00
850,2022-03-09 20:30:00
851,2022-03-09 20:45:00
852,2022-03-09 21:00:00
853,2022-03-09 21:15:00
854,2022-03-09 21:30:00
855,2022-03-09 21:45:00
856,2022-03-09 22:00:00
857,2022-03-09 22:15:00
858,2022-03-09 22:30:00
859,2022-03-09 22:45:00
860,2022-03-09 23:00:00
861,2022-03-09 23:15:00
862,2022-03-09 23:30:00
863,2022-03-09 23:45:00
864,2022-03-10 00:00:00
865,2022-03-10 00:15:00
866,2022-03-10 00:30:00
867,2022-03-10 00:45:00
868,2022-03-10 01:00:00
869,2022-03-10 01:15:00
870,2022-03-10 01:30:00
871,2022-03-10 01:45:00
872,2022-03-10 02:00:00
873,2022-03-10 02:15:00
874,2022-03-10 02:30:00
875,2022-03-10 02:45:00
876,2022-03-10 03:00:00
877,2022-03-10 03:15:00
878,2022-03-10 03:30:00
879,2022-03-10 03:45:00
880,2022-03-10 04:00:00
881,2022-03-10 04:15:00
882,2022-03-10 04:30:00
883,2022-03-10 04:45:00
884,2022-03-10 05:00:00
885,2022-03-10 05:15:00
886,2022-03-10 05:30:00
887,2022-03-10 05:45:00
888,2022-03-10 06:00:00
889,2022-03-10 06:15:00
890,2022-03-10 06:30:00
891,2022-03-10 06:45:00
892,2022-03-10 07:00:00
893,2022-03-10 07:15:00
894,2022-03-10 07:30:00
895,2022-03-10 07:45:00
896,2022-03-10 08:00:00
897,2022-03-10 08:15:00
898,2022-03-10 08:30:00
899,2022-03-10 08:45:00
900,2022-03-10 09:00:00
901,2022-03-10 09:15:00
902,2022-03-10 09:30:00
903,2022-03-10 09:45:00
904,2022-03-10 10:00:00
905,2022-03-10 10:15:00
906,2022-03-10 10:30:00
907,2022-03-10 10:45:00
908,2022-03-10 11:00:00
909,2022-03-10 11:15:00
910,2022-03-10 11:30:00
911,2022-03-10 11:45:00
912,2022-03-10 12:00:00
913,2022-03-10 12:15:00
914,2022-03-10 12:30:00
915,2022-03-10 12:45:00
916,2022-03-10 13:00:00
917,2022-03-10 13:15:00
918,2022-03-10 13:30:00
919,2022-03-10 13:45:00
920,2022-03-10 14:00:00
921,2022-03-10 14:15:00
922,2022-03-10 14:30:00
923,2022-03-10 14:45:00
924,2022-03-10 15:00:00
925,2022-03-10 15:15:00
926,2022-03-10 15:30:00
927,2022-03-10 15:45:00
928,2022-03-10 16:00:00
929,2022-03-10 16:15:00
930,2022-03-10 16:30:00
931,2022-03-10 16:45:00
932,2022-03-10 17:00:00
933,2022-03-10 17:15:00
934,2022-03-10 17:30:00
935,2022-03-10 17:45:00
936,2022-03-10 18:00:00
937,2022-03-10 18:15:00
938,2022-03-10 18:30:00
939,2022-03-10 18:45:00
940,2022-03-10 19:00:00
941,2022-03-10 19:15:00
942,2022-03-10 19:30:00
943,2022-03-10 19:45:00
944,2022-03-10 20:00:00
945,2022-03-10 20:15:00
946,2022-03-10 20:30:00
947,2022-03-10 20:45:00
948,2022-03-10 21:00:00
949,2022-03-10 21:15:00
950,2022-03-10 21:30:00
951,2022-03-10 21:45:00
952,2022-03-10 22:00:00
953,2022-03-10 22:15:00
954,2022-03-10 22:30:00
955,2022-03-10 22:45:00
956,2022-03-10 23:00:00
957,2022-03-10 23:15:00
958,2022-03-10 23:30:00
959,2022-03-10 23:45:00
960,2022-03-11 00:00:00
961,2022-03-11 00:15:00
962,2022-03-11 00:30:00
963,2022-03-11 00:45:00
964,2022-03-11 01:00:00
965,2022-03-11 01:15:00
966,2022-03-11 01:30:00
967,2022-03-11 01:45:00
968,2022-03-11 02:00:00
969,2022-03-11 02:15:00
970,2022-03-11 02:30:00
971,2022-03-11 02:45:00
972,2022-03-11 03:00:00
973,2022-03-11 03:15:00
974,2022-03-11 03:30:00
975,2022-03-11 03:45:00
976,2022-03-11 04:00:00
977,2022-03-11 04:15:00
978,2022-03-11 04:30:00
979,2022-03-11 04:45:00
980,2022-03-11 05:00:00
981,2022-03-11 05:15:00
982,2022-03-11 05:30:00
983,2022-03-11 05:45:00
984,2022-03-11 06:00:00
985,2022-03-11 06:15:00
986,2022-03-11 06:30:00
987,2022-03-11 06:45:00
988,2022-03-11 07:00:00
989,2022-03-11 07:15:00
990,2022-03-11 07:30:00
991,2022-03-11 07:45:00
992,2022-03-11 08:00:00
993,2022-03-11 08:15:00
994,2022-03-11 08:30:00
995,2022-03-11 08:45:00
996,2022-03-11 09:00:00
997,2022-03-11 09:15:00
998,2022-03-11 09:30:00
999,2022-03-11 09:45:00
1000,2022-03-11 10:00:00
1001,2022-03-11 10:15:00
1002,2022-03-11 10:30:00
1003,2022-03-11 10:45:00
1004,2022-03-11 11:00:00
1005,2022-03-11 11:15:00
1006,2022-03-11 11:30:00
1007,2022-03-11 11:45:00
1008,2022-03-11 12:00:00
1009,2022-03-11 12:15:00
1010,2022-03-11 12:30:00
1011,2022-03-11 12:45:00
1012,2022-03-11 13:00:00
1013,2022-03-11 13:15:00
1014,2022-03-11 13:30:00
1015,2022-03-11 13:45:00
1016,2022-03-11 14:00:00
1017,2022-03-11 14:15:00
1018,2022-03-11 14:30:00
1019,2022-03-11 14:45:00
1020,2022-03-11 15:00:00
1021,2022-03-11 15:15:00
1022,2022-03-11 15:30:00
1023,2022-03-11 15:45:00
1024,2022-03-11 16:00:00
1025,2022-03-11 16:15:00
1026,2022-03-11 16:30:00
1027,2022-03-11 16:45:00
1028,2022-03-11 17:00:00
1029,2022-03-11 17:15:00
1030,2022-03-11 17:30:00
1031,2022-03-11 17:45:00
1032,2022-03-11 18:00:00
1033,2022-03-11 18:15:00
1034,2022-03-11 18:30:00
1035,2022-03-11 18:45:00
1036,2022-03-11 19:00:00
1037,2022-03-11 19:15:00
1038,2022-03-11 19:30:00
1039,2022-03-11 19:45:00
1040,2022-03-11 20:00:00
1041,2022-03-11 20:15:00
1042,2022-03-11 20:30:00
1043,2022-03-11 20:45:00
1044,2022-03-11 21:00:00
1045,2022-03-11 21:15:00
1046,2022-03-11 21:30:00
1047,2022-03-11 21:45:00
1048,2022-03-11 22:00:00
1049,2022-03-11 22:15:00
1050,2022-03-11 22:30:00
1051,2022-03-11 22:45:00
1052,2022-03-11 23:00:00
1053,2022-03-11 23:15:00
1054,2022-03-11 23:30:00
1055,2022-03-11 23:45:00
1056,2022-03-12 00:00:00
1057,2022-03-12 00:15:00
1058,2022-03-12 00:30:00
1059,2022-03-12 00:45:00
1060,2022-03-12 01:00:00
1061,2022-03-12 01:15:00
1062,2022-03-12 01:30:00
1063,2022-03-12 01:45:00
1064,2022-03-12 02:00:00
1065,2022-03-12 02:15:00
1066,2022-03-12 02:30:00
1067,2022-03-12 02:45:00
1068,2022-03-12 03:00:00
1069,2022-03-12 03:15:00
1070,2022-03-12 03:30:00
1071,2022-03-12 03:45:00
1072,2022-03-12 04:00:00
1073,2022-03-12 04:15:00
1074,2022-03-12 04:30:00
1075,2022-03-12 04:45:00
1076,2022-03-12 05:00:00
1077,2022-03-12 05:15:00
1078,2022-03-12 05:30:00
1079,2022-03-12 05:45:00
1080,2022-03-12 06:00:00
1081,2022-03-12 06:15:00
1082,2022-03-12 06:30:00
1083,2022-03-12 06:45:00
1084,2022-03-12 07:00:00
1085,2022-03-12 07:15:00
1086,2022-03-12 07:30:00
1087,2022-03-12 07:45:00
1088,2022-03-12 08:00:00
1089,2022-03-12 08:15:00
1090,2022-03-12 08:30:00
1091,2022-03-12 08:45:00
1092,2022-03-12 09:00:00
1093,2022-03-12 09:15:00
1094,2022-03-12 09:30:00
1095,2022-03-12 09:45:00
1096,2022-03-12 10:00:00
1097,2022-03-12 10:15:00
1098,2022-03-12 10:30:00
1099,2022-03-12 10:45:00
1100,2022-03-12 11:00:00
1101,2022-03-12 11:15:00
1102,2022-03-12 11:30:00
1103,2022-03-12 11:45:00
1104,2022-03-12 12:00:00
1105,2022-03-12 12:15:00
1106,2022-03-12 12:30:00
1107,2022-03-12 12:45:00
1108,2022-03-12 13:00:00
1109,2022-03-12 13:15:00
1110,2022-03-12 13:30:00
1111,2022-03-12 13:45:00
1112,2022-03-12 14:00:00
1113,2022-03-12 14:15:00
1114,2022-03-12 14:30:00
1115,2022-03-12 14:45:00
1116,2022-03-12 15:00:00
1117,2022-03-12 15:15:00
1118,2022-03-12 15:30:00
1119,2022-03-12 15:45:00
1120,2022-03-12 16:00:00
1121,2022-03-12 16:15:00
1122,2022-03-12 16:30:00
1123,2022-03-12 16:45:00
1124,2022-03-12 17:00:00
1125,2022-03-12 17:15:00
1126,2022-03-12 17:30:00
1127,2022-03-12 17:45:00
1128,2022-03-12 18:00:00
1129,2022-03-12 18:15:00
1130,2022-03-12 18:30:00
1131,2022-03-12 18:45:00
1132,2022-03-12 19:00:00
1133,2022-03-12 19:15:00
1134,2022-03-12 19:30:00
1135,2022-03-12 19:45:00
1136,2022-03-12 20:00:00
1137,2022-03-12 20:15:00
1138,2022-03-12 20:30:00
1139,2022-03-12 20:45:00
1140,2022-03-12 21:00:00
1141,2022-03-12 21:15:00
1142,2022-03-12 21:30:00
1143,2022-03-12 21:45:00
1144,2022-03-12 22:00:00
1145,2022-03-12 22:15:00
1146,2022-03-12 22:30:00
1147,2022-03-12 22:45:00
1148,2022-03-12 23:00:00
1149,2022-03-12 23:15:00
1150,2022-03-12 23:30:00
1151,2022-03-12 23:45:00
1152,2022-03-13 00:00:00
1153,2022-03-13 00:15:00
1154,2022-03-13 00:30:00
1155,2022-03-13 00:45:00
1156,2022-03-13 01:00:00
1157,2022-03-13 01:15:00
1158,2022-03-13 01:30:00
1159,2022-03-13 01:45:00
1160,2022-03-13 02:00:00
1161,2022-03-13 02:15:00
1162,2022-03-13 02:30:00
1163,2022-03-13 02:45:00
1164,2022-03-13 03:00:00
1165,2022-03-13 03:15:00
1166,2022-03-13 03:30:00
1167,2022-03-13 03:45:00
1168,2022-03-13 04:00:00
1169,2022-03-13 04:15:00
1170,2022-03-13 04:30:00
1171,2022-03-13 04:45:00
1172,2022-03-13 05:00:00
1173,2022-03-13 05:15:00
1174,2022-03-13 05:30:00
1175,2022-03-13 05:45:00
1176,2022-03-13 06:00:00
1177,2022-03-13 06:15:00
1178,2022-03-13 06:30:00
1179,2022-03-13 06:45:00
1180,2022-03-13 07:00:00
1181,2022-03-13 07:15:00
1182,2022-03-13 07:30:00
1183,2022-03-13 07:45:00
1184,2022-03-13 08:00:00
1185,2022-03-13 08:15:00
1186,2022-03-13 08:30:00
1187,2022-03-13 08:45:00
1188,2022-03-13 09:00:00
1189,2022-03-13 09:15:00
1190,2022-03-13 09:30:00
1191,2022-03-13 09:45:00
1192,2022-03-13 10:00:00
1193,2022-03-13 10:15:00
1194,2022-03-13 10:30:00
1195,2022-03-13 10:45:00
1196,2022-03-13 11:00:00
1197,2022-03-13 11:15:00
1198,2022-03-13 11:30:00
1199,2022-03-13 11:45:00
1200,2022-03-13 12:00:00
1201,2022-03-13 12:15:00
1202,2022-03-13 12:30:00
1203,2022-03-13 12:45:00
1204,2022-03-13 13:00:00
1205,2022-03-13 13:15:00
1206,2022-03-13 13:30:00
1207,2022-03-13 13:45:00
1208,2022-03-13 14:00:00
1209,2022-03-13 14:15:00
1210,2022-03-13 14:30:00
1211,2022-03-13 14:45:00
1212,2022-03-13 15:00:00
1213,2022-03-13 15:15:00
1214,2022-03-13 15:30:00
1215,2022-03-13 15:45:00
1216,2022-03-13 16:00:00
1217,2022-03-13 16:15:00
1218,2022-03-13 16:30:00
1219,2022-03-13 16:45:00
1220,2022-03-13 17:00:00
1221,2022-03-13 17:15:00
1222,2022-03-13 17:30:00
1223,2022-03-13 17:45:00
1224,2022-03-13 18:00:00
1225,2022-03-13 18:15:00
1226,2022-03-13 18:30:00
1227,2022-03-13 18:45:00
1228,2022-03-13 19:00:00
1229,2022-03-13 19:15:00
1230,2022-03-13 19:30:00
1231,2022-03-13 19:45:00
1232,2022-03-13 20:00:00
1233,2022-03-13 20:15:00
1234,2022-03-13 20:30:00
1235,2022-03-13 20:45:00
1236,2022-03-13 21:00:00
1237,2022-03-13 21:15:00
1238,2022-03-13 21:30:00
1239,2022-03-13 21:45:00
1240,2022-03-13 22:00:00
1241,2022-03-13 22:15:00
1242,2022-03-13 22:30:00
1243,2022-03-13 22:45:00
1244,2022-03-13 23:00:00
1245,2022-03-13 23:15:00
1246,2022-03-13 23:30:00
1247,2022-03-13 23:45:00
1248,2022-03-14 00:00:00
1249,2022-03-14 00:15:00
1250,2022-03-14 00:30:00
1251,2022-03-14 00:45:00
1252,2022-03-14 01:00:00
1253,2022-03-14 01:15:00
1254,2022-03-14 01:30:00
1255,2022-03-14 01:45:00
1256,2022-03-14 02:00:00
1257,2022-03-14 02:15:00
1258,2022-03-14 02:30:00
1259,2022-03-14 02:45:00
1260,2022-03-14 03:00:00
1261,2022-03-14 03:15:00
1262,2022-03-14 03:30:00
1263,2022-03-14 03:45:00
1264,2022-03-14 04:00:00
1265,2022-03-14 04:15:00
1266,2022-03-14 04:30:00
1267,2022-03-14 04:45:00
1268,2022-03-14 05:00:00
1269,2022-03-14 05:15:00
1270,2022-03-14 05:30:00
1271,2022-03-14 05:45:00
1272,2022-03-14 06:00:00
1273,2022-03-14 06:15:00
1274,2022-03-14 06:30:00
1275,2022-03-14 06:45:00
1276,2022-03-14 07:00:00
1277,2022-03-14 07:15:00
1278,2022-03-14 07:30:00
1279,2022-03-14 07:45:00
1280,2022-03-14 08:00:00
1281,2022-03-14 08:15:00
1282,2022-03-14 08:30:00
1283,2022-03-14 08:45:00
1284,2022-03-14 09:00:00
1285,2022-03-14 09:15:00
1286,2022-03-14 09:30:00
1287,2022-03-14 09:45:00
1288,2022-03-14 10:00:00
1289,2022-03-14 10:15:00
1290,2022-03-14 10:30:00
1291,2022-03-14 10:45:00
1292,2022-03-14 11:00:00
1293,2022-03-14 11:15:00
1294,2022-03-14 11:30:00
1295,2022-03-14 11:45:00
1296,2022-03-14 12:00:00
1297,2022-03-14 12:15:00
1298,2022-03-14 12:30:00
1299,2022-03-14 12:45:00
1300,2022-03-14 13:00:00
1301,2022-03-14 13:15:00
1302,2022-03-14 13:30:00
1303,2022-03-14 13:45:00
1304,2022-03-14 14:00:00
1305,2022-03-14 14:15:00
1306,2022-03-14 14:30:00
1307,2022-03-14 14:45:00
1308,2022-03-14 15:00:00
1309,2022-03-14 15:15:00
1310,2022-03-14 15:30:00
1311,2022-03-14 15:45:00
1312,2022-03-14 16:00:00
1313,2022-03-14 16:15:00
1314,2022-03-14 16:30:00
1315,2022-03-14 16:45:00
1316,2022-03-14 17:00:00
1317,2022-03-14 17:15:00
1318,2022-03-14 17:30:00
1319,2022-03-14 17:45:00
1320,2022-03-14 18:00:00
1321,2022-03-14 18:15:00
1322,2022-03-14 18:30:00
1323,2022-03-14 18:45:00
1324,2022-03-14 19:00:00
1325,2022-03-14 19:15:00
1326,2022-03-14 19:30:00
1327,2022-03-14 19:45:00
1328,2022-03-14 20:00:00
1329,2022-03-14 20:15:00
1330,2022-03-14 20:30:00
1331,2022-03-14 20:45:00
1332,2022-03-14 21:00:00
1333,2022-03-14 21:15:00
1334,2022-03-14 21:30:00
1335,2022-03-14 21:45:00
1336,2022-03-14 22:00:00
1337,2022-03-14 22:15:00
1338,2022-03-14 22:30:00
1339,2022-03-14 22:45:00
1340,2022-03-14 23:00:00
1341,2022-03-14 23:15:00
1342,2022-03-14 23:30:00
1343,2022-03-14 23:45:00
1344,2022-03-15 00:00:00
1345,2022-03-15 00:15:00
1346,2022-03-15 00:30:00
1347,2022-03-15 00:45:00
1348,2022-03-15 01:00:00
1349,2022-03-15 01:15:00
1350,2022-03-15 01:30:00
1351,2022-03-15 01:45:00
1352,2022-03-15 02:00:00
1353,2022-03-15 02:15:00
1354,2022-03-15 02:30:00
1355,2022-03-15 02:45:00
1356,2022-03-15 03:00:00
1357,2022-03-15 03:15:00
1358,2022-03-15 03:30:00
1359,2022-03-15 03:45:00
1360,2022-03-15 04:00:00
1361,2022-03-15 04:15:00
1362,2022-03-15 04:30:00
1363,2022-03-15 04:45:00
1364,2022-03-15 05:00:00
1365,2022-03-15 05:15:00
1366,2022-03-15 05:30:00
1367,2022-03-15 05:45:00
1368,2022-03-15 06:00:00
1369,2022-03-15 06:15:00
1370,2022-03-15 06:30:00
1371,2022-03-15 06:45:00
1372,2022-03-15 07:00:00
1373,2022-03-15 07:15:00
1374,2022-03-15 07:30:00
1375,2022-03-15 07:45:00
1376,2022-03-15 08:00:00
1377,2022-03-15 08:15:00
1378,2022-03-15 08:30:00
1379,2022-03-15 08:45:00
1380,2022-03-15 09:00:00
1381,2022-03-15 09:15:00
1382,2022-03-15 09:30:00
1383,2022-03-15 09:45:00
1384,2022-03-15 10:00:00
1385,2022-03-15 10:15:00
1386,2022-03-15 10:30:00
1387,2022-03-15 10:45:00
1388,2022-03-15 11:00:00
1389,2022-03-15 11:15:00
1390,2022-03-15 11:30:00
1391,2022-03-15 11:45:00
1392,2022-03-15 12:00:00
1393,2022-03-15 12:15:00
1394,2022-03-15 12:30:00
1395,2022-03-15 12:45:00
1396,2022-03-15 13:00:00
1397,2022-03-15 13:15:00
1398,2022-03-15 13:30:00
1399,2022-03-15 13:45:00
1400,2022-03-15 14:00:00
1401,2022-03-15 14:15:00
1402,2022-03-15 14:30:00
1403,2022-03-15 14:45:00
1404,2022-03-15 15:00:00
1405,2022-03-15 15:15:00
1406,2022-03-15 15:30:00
1407,2022-03-15 15:45:00
1408,2022-03-15 16:00:00
1409,2022-03-15 16:15:00
1410,2022-03-15 16:30:00
1411,2022-03-15 16:45:00
1412,2022-03-15 17:00:00
1413,2022-03-15 17:15:00
1414,2022-03-15 17:30:00
1415,2022-03-15 17:45:00
1416,2022-03-15 18:00:00
1417,2022-03-15 18:15:00
1418,2022-03-15 18:30:00
1419,2022-03-15 18:45:00
1420,2022-03-15 19:00:00
1421,2022-03-15 19:15:00
1422,2022-03-15 19:30:00
1423,2022-03-15 19:45:00
1424,2022-03-15 20:00:00
1425,2022-03-15 20:15:00
1426,2022-03-15 20:30:00
1427,2022-03-15 20:45:00
1428,2022-03-15 21:00:00
1429,2022-03-15 21:15:00
1430,2022-03-15 21:30:00
1431,2022-03-15 21:45:00
1432,2022-03-15 22:00:00
1433,2022-03-15 22:15:00
1434,2022-03-15 22:30:00
1435,2022-03-15 22:45:00
1436,2022-03-15 23:00:00
1437,2022-03-15 23:15:00
1438,2022-03-15 23:30:00
1439,2022-03-15 23:45:00
1440,2022-03-16 00:00:00
1441,2022-03-16 00:15:00
1442,2022-03-16 00:30:00
1443,2022-03-16 00:45:00
1444,2022-03-16 01:00:00
1445,2022-03-16 01:15:00
1446,2022-03-16 01:30:00
1447,2022-03-16 01:45:00
1448,2022-03-16 02:00:00
1449,2022-03-16 02:15:00
1450,2022-03-16 02:30:00
1451,2022-03-16 02:45:00
1452,2022-03-16 03:00:00
1453,2022-03-16 03:15:00
1454,2022-03-16 03:30:00
1455,2022-03-16 03:45:00
1456,2022-03-16 04:00:00
1457,2022-03-16 04:15:00
1458,2022-03-16 04:30:00
1459,2022-03-16 04:45:00
1460,2022-03-16 05:00:00
1461,2022-03-16 05:15:00
1462,2022-03-16 05:30:00
1463,2022-03-16 05:45:00
1464,2022-03-16 06:00:00
1465,2022-03-16 06:15:00
1466,2022-03-16 06:30:00
1467,2022-03-16 06:45:00
1468,2022-03-16 07:00:00
1469,2022-03-16 07:15:00
1470,2022-03-16 07:30:00
1471,2022-03-16 07:45:00
1472,2022-03-16 08:00:00
1473,2022-03-16 08:15:00
1474,2022-03-16 08:30:00
1475,2022-03-16 08:45:00
1476,2022-03-16 09:00:00
1477,2022-03-16 09:15:00
1478,2022-03-16 09:30:00
1479,2022-03-16 09:45:00
1480,2022-03-16 10:00:00
1481,2022-03-16 10:15:00
1482,2022-03-16 10:30:00
1483,2022-03-16 10:45:00
1484,2022-03-16 11:00:00
1485,2022-03-16 11:15:00
1486,2022-03-16 11:30:00
1487,2022-03-16 11:45:00
1488,2022-03-16 12:00:00
1489,2022-03-16 12:15:00
1490,2022-03-16 12:30:00
1491,2022-03-16 12:45:00
1492,2022-03-16 13:00:00
1493,2022-03-16 13:15:00
1494,2022-03-16 13:30:00
1495,2022-03-16 13:45:00
1496,2022-03-16 14:00:00
1497,2022-03-16 14:15:00
1498,2022-03-16 14:30:00
1499,2022-03-16 14:45:00
1500,2022-03-16 15:00:00
1501,2022-03-16 15:15:00
1502,2022-03-16 15:30:00
1503,2022-03-16 15:45:00
1504,2022-03-16 16:00:00
1505,2022-03-16 16:15:00
1506,2022-03-16 16:30:00
1507,2022-03-16 16:45:00
1508,2022-03-16 17:00:00
1509,2022-03-16 17:15:00
1510,2022-03-16 17:30:00
1511,2022-03-16 17:45:00
1512,2022-03-16 18:00:00
1513,2022-03-16 18:15:00
1514,2022-03-16 18:30:00
1515,2022-03-16 18:45:00
1516,2022-03-16 19:00:00
1517,2022-03-16 19:15:00
1518,2022-03-16 19:30:00
1519,2022-03-16 19:45:00
1520,2022-03-16 20:00:00
1521,2022-03-16 20:15:00
1522,2022-03-16 20:30:00
1523,2022-03-16 20:45:00
1524,2022-03-16 21:00:00
1525,2022-03-16 21:15:00
1526,2022-03-16 21:30:00
1527,2022-03-16 21:45:00
1528,2022-03-16 22:00:00
1529,2022-03-16 22:15:00
1530,2022-03-16 22:30:00
1531,2022-03-16 22:45:00
1532,2022-03-16 23:00:00
1533,2022-03-16 23:15:00
1534,2022-03-16 23:30:00
1535,2022-03-16 23:45:00
1536,2022-03-17 00:00:00
1537,2022-03-17 00:15:00
1538,2022-03-17 00:30:00
1539,2022-03-17 00:45:00
1540,2022-03-17 01:00:00
1541,2022-03-17 01:15:00
1542,2022-03-17 01:30:00
1543,2022-03-17 01:45:00
1544,2022-03-17 02:00:00
1545,2022-03-17 02:15:00
1546,2022-03-17 02:30:00
1547,2022-03-17 02:45:00
1548,2022-03-17 03:00:00
1549,2022-03-17 03:15:00
1550,2022-03-17 03:30:00
1551,2022-03-17 03:45:00
1552,2022-03-17 04:00:00
1553,2022-03-17 04:15:00
1554,2022-03-17 04:30:00
1555,2022-03-17 04:45:00
1556,2022-03-17 05:00:00
1557,2022-03-17 05:15:00
1558,2022-03-17 05:30:00
1559,2022-03-17 05:45:00
1560,2022-03-17 06:00:00
1561,2022-03-17 06:15:00
1562,2022-03-17 06:30:00
1563,2022-03-17 06:45:00
1564,2022-03-17 07:00:00
1565,2022-03-17 07:15:00
1566,2022-03-17 07:30:00
1567,2022-03-17 07:45:00
1568,2022-03-17 08:00:00
1569,2022-03-17 08:15:00
1570,2022-03-17 08:30:00
1571,2022-03-17 08:45:00
1572,2022-03-17 09:00:00
1573,2022-03-17 09:15:00
1574,2022-03-17 09:30:00
1575,2022-03-17 09:45:00
1576,2022-03-17 10:00:00
1577,2022-03-17 10:15:00
1578,2022-03-17 10:30:00
1579,2022-03-17 10:45:00
1580,2022-03-17 11:00:00
1581,2022-03-17 11:15:00
1582,2022-03-17 11:30:00
1583,2022-03-17 11:45:00
1584,2022-03-17 12:00:00
1585,2022-03-17 12:15:00
1586,2022-03-17 12:30:00
1587,2022-03-17 12:45:00
1588,2022-03-17 13:00:00
1589,2022-03-17 13:15:00
1590,2022-03-17 13:30:00
1591,2022-03-17 13:45:00
1592,2022-03-17 14:00:00
1593,2022-03-17 14:15:00
1594,2022-03-17 14:30:00
1595,2022-03-17 14:45:00
1596,2022-03-17 15:00:00
1597,2022-03-17 15:15:00
1598,2022-03-17 15:30:00
1599,2022-03-17 15:45:00
1600,2022-03-17 16:00:00
1601,2022-03-17 16:15:00
1602,2022-03-17 16:30:00
1603,2022-03-17 16:45:00
1604,2022-03-17 17:00:00
1605,2022-03-17 17:15:00
1606,2022-03-17 17:30:00
1607,2022-03-17 17:45:00
1608,2022-03-17 18:00:00
1609,2022-03-17 18:15:00
1610,2022-03-17 18:30:00
1611,2022-03-17 18:45:00
1612,2022-03-17 19:00:00
1613,2022-03-17 19:15:00
1614,2022-03-17 19:30:00
1615,2022-03-17 19:45:00
1616,2022-03-17 20:00:00
1617,2022-03-17 20:15:00
1618,2022-03-17 20:30:00
1619,2022-03-17 20:45:00
1620,2022-03-17 21:00:00
1621,2022-03-17 21:15:00
1622,2022-03-17 21:30:00
1623,2022-03-17 21:45:00
1624,2022-03-17 22:00:00
1625,2022-03-17 22:15:00
1626,2022-03-17 22:30:00
1627,2022-03-17 22:45:00
1628,2022-03-17 23:00:00
1629,2022-03-17 23:15:00
1630,2022-03-17 23:30:00
1631,2022-03-17 23:45:00
1632,2022-03-18 00:00:00
1633,2022-03-18 00:15:00
1634,2022-03-18 00:30:00
1635,2022-03-18 00:45:00
1636,2022-03-18 01:00:00
1637,2022-03-18 01:15:00
1638,2022-03-18 01:30:00
1639,2022-03-18 01:45:00
1640,2022-03-18 02:00:00
1641,2022-03-18 02:15:00
1642,2022-03-18 02:30:00
1643,2022-03-18 02:45:00
1644,2022-03-18 03:00:00
1645,2022-03-18 03:15:00
1646,2022-03-18 03:30:00
1647,2022-03-18 03:45:00
1648,2022-03-18 04:00:00
1649,2022-03-18 04:15:00
1650,2022-03-18 04:30:00
1651,2022-03-18 04:45:00
1652,2022-03-18 05:00:00
1653,2022-03-18 05:15:00
1654,2022-03-18 05:30:00
1655,2022-03-18 05:45:00
1656,2022-03-18 06:00:00
1657,2022-03-18 06:15:00
1658,2022-03-18 06:30:00
1659,2022-03-18 06:45:00
1660,2022-03-18 07:00:00
1661,2022-03-18 07:15:00
1662,2022-03-18 07:30:00
1663,2022-03-18 07:45:00
1664,2022-03-18 08:00:00
1665,2022-03-18 08:15:00
1666,2022-03-18 08:30:00
1667,2022-03-18 08:45:00
1668,2022-03-18 09:00:00
1669,2022-03-18 09:15:00
1670,2022-03-18 09:30:00
1671,2022-03-18 09:45:00
1672,2022-03-18 10:00:00
1673,2022-03-18 10:15:00
1674,2022-03-18 10:30:00
1675,2022-03-18 10:45:00
1676,2022-03-18 11:00:00
1677,2022-03-18 11:15:00
1678,2022-03-18 11:30:00
1679,2022-03-18 11:45:00
1680,2022-03-18 12:00:00
1681,2022-03-18 12:15:00
1682,2022-03-18 12:30:00
1683,2022-03-18 12:45:00
1684,2022-03-18 13:00:00
1685,2022-03-18 13:15:00
1686,2022-03-18 13:30:00
1687,2022-03-18 13:45:00
1688,2022-03-18 14:00:00
1689,2022-03-18 14:15:00
1690,2022-03-18 14:30:00
1691,2022-03-18 14:45:00
1692,2022-03-18 15:00:00
1693,2022-03-18 15:15:00
1694,2022-03-18 15:30:00
1695,2022-03-18 15:45:00
1696,2022-03-18 16:00:00
1697,2022-03-18 16:15:00
1698,2022-03-18 16:30:00
1699,2022-03-18 16:45:00
1700,2022-03-18 17:00:00
1701,2022-03-18 17:15:00
1702,2022-03-18 17:30:00
1703,2022-03-18 17:45:00
1704,2022-03-18 18:00:00
1705,2022-03-18 18:15:00
1706,2022-03-18 18:30:00
1707,2022-03-18 18:45:00
1708,2022-03-18 19:00:00
1709,2022-03-18 19:15:00
1710,2022-03-18 19:30:00
1711,2022-03-18 19:45:00
1712,2022-03-18 20:00:00
1713,2022-03-18 20:15:00
1714,2022-03-18 20:30:00
1715,2022-03-18 20:45:00
1716,2022-03-18 21:00:00
1717,2022-03-18 21:15:00
1718,2022-03-18 21:30:00
1719,2022-03-18 21:45:00
1720,2022-03-18 22:00:00
1721,2022-03-18 22:15:00
1722,2022-03-18 22:30:00
1723,2022-03-18 22:45:00
1724,2022-03-18 23:00:00
1725,2022-03-18 23:15:00
1726,2022-03-18 23:30:00
1727,2022-03-18 23:45:00
1728,2022-03-19 00:00:00
1729,2022-03-19 00:15:00
1730,2022-03-19 00:30:00
1731,2022-03-19 00:45:00
1732,2022-03-19 01:00:00
1733,2022-03-19 01:15:00
1734,2022-03-19 01:30:00
1735,2022-03-19 01:45:00
1736,2022-03-19 02:00:00
1737,2022-03-19 02:15:00
1738,2022-03-19 02:30:00
1739,2022-03-19 02:45:00
1740,2022-03-19 03:00:00
1741,2022-03-19 03:15:00
1742,2022-03-19 03:30:00
1743,2022-03-19 03:45:00
1744,2022-03-19 04:00:00
1745,2022-03-19 04:15:00
1746,2022-03-19 04:30:00
1747,2022-03-19 04:45:00
1748,2022-03-19 05:00:00
1749,2022-03-19 05:15:00
1750,2022-03-19 05:30:00
1751,2022-03-19 05:45:00
1752,2022-03-19 06:00:00
1753,2022-03-19 06:15:00
1754,2022-03-19 06:30:00
1755,2022-03-19 06:45:00
1756,2022-03-19 07:00:00
1757,2022-03-19 07:15:00
1758,2022-03-19 07:30:00
1759,2022-03-19 07:45:00
1760,2022-03-19 08:00:00
1761,2022-03-19 08:15:00
1762,2022-03-19 08:30:00
1763,2022-03-19 08:45:00
1764,2022-03-19 09:00:00
1765,2022-03-19 09:15:00
1766,2022-03-19 09:30:00
1767,2022-03-19 09:45:00
1768,2022-03-19 10:00:00
1769,2022-03-19 10:15:00
1770,2022-03-19 10:30:00
1771,2022-03-19 10:45:00
1772,2022-03-19 11:00:00
1773,2022-03-19 11:15:00
1774,2022-03-19 11:30:00
1775,2022-03-19 11:45:00
1776,2022-03-19 12:00:00
1777,2022-03-19 12:15:00
1778,2022-03-19 12:30:00
1779,2022-03-19 12:45:00
1780,2022-03-19 13:00:00
1781,2022-03-19 13:15:00
1782,2022-03-19 13:30:00
1783,2022-03-19 13:45:00
1784,2022-03-19 14:00:00
1785,2022-03-19 14:15:00
1786,2022-03-19 14:30:00
1787,2022-03-19 14:45:00
1788,2022-03-19 15:00:00
1789,2022-03-19 15:15:00
1790,2022-03-19 15:30:00
1791,2022-03-19 15:45:00
1792,2022-03-19 16:00:00
1793,2022-03-19 16:15:00
1794,2022-03-19 16:30:00
1795,2022-03-19 16:45:00
1796,2022-03-19 17:00:00
1797,2022-03-19 17:15:00
1798,2022-03-19 17:30:00
1799,2022-03-19 17:45:00
1800,2022-03-19 18:00:00
1801,2022-03-19 18:15:00
1802,2022-03-19 18:30:00
1803,2022-03-19 18:45:00
1804,2022-03-19 19:00:00
1805,2022-03-19 19:15:00
1806,2022-03-19 19:30:00
1807,2022-03-19 19:45:00
1808,2022-03-19 20:00:00
1809,2022-03-19 20:15:00
1810,2022-03-19 20:30:00
1811,2022-03-19 20:45:00
1812,2022-03-19 21:00:00
1813,2022-03-19 21:15:00
1814,2022-03-19 21:30:00
1815,2022-03-19 21:45:00
1816,2022-03-19 22:00:00
1817,2022-03-19 22:15:00
1818,2022-03-19 22:30:00
1819,2022-03-19 22:45:00
1820,2022-03-19 23:00:00
1821,2022-03-19 23:15:00
1822,2022-03-19 23:30:00
1823,2022-03-19 23:45:00
1824,2022-03-20 00:00:00
1825,2022-03-20 00:15:00
1826,2022-03-20 00:30:00
1827,2022-03-20 00:45:00
1828,2022-03-20 01:00:00
1829,2022-03-20 01:15:00
1830,2022-03-20 01:30:00
1831,2022-03-20 01:45:00
1832,2022-03-20 02:00:00
1833,2022-03-20 02:15:00
1834,2022-03-20 02:30:00
1835,2022-03-20 02:45:00
1836,2022-03-20 03:00:00
1837,2022-03-20 03:15:00
1838,2022-03-20 03:30:00
1839,2022-03-20 03:45:00
1840,2022-03-20 04:00:00
1841,2022-03-20 04:15:00
1842,2022-03-20 04:30:00
1843,2022-03-20 04:45:00
1844,2022-03-20 05:00:00
1845,2022-03-20 05:15:00
1846,2022-03-20 05:30:00
1847,2022-03-20 05:45:00
1848,2022-03-20 06:00:00
1849,2022-03-20 06:15:00
1850,2022-03-20 06:30:00
1851,2022-03-20 06:45:00
1852,2022-03-20 07:00:00
1853,2022-03-20 07:15:00
1854,2022-03-20 07:30:00
1855,2022-03-20 07:45:00
1856,2022-03-20 08:00:00
1857,2022-03-20 08:15:00
1858,2022-03-20 08:30:00
1859,2022-03-20 08:45:00
1860,2022-03-20 09:00:00
1861,2022-03-20 09:15:00
1862,2022-03-20 09:30:00
1863,2022-03-20 09:45:00
1864,2022-03-20 10:00:00
1865,2022-03-20 10:15:00
1866,2022-03-20 10:30:00
1867,2022-03-20 10:45:00
1868,2022-03-20 11:00:00
1869,2022-03-20 11:15:00
1870,2022-03-20 11:30:00
1871,2022-03-20 11:45:00
1872,2022-03-20 12:00:00
1873,2022-03-20 12:15:00
1874,2022-03-20 12:30:00
1875,2022-03-20 12:45:00
1876,2022-03-20 13:00:00
1877,2022-03-20 13:15:00
1878,2022-03-20 13:30:00
1879,2022-03-20 13:45:00
1880,2022-03-20 14:00:00
1881,2022-03-20 14:15:00
1882,2022-03-20 14:30:00
1883,2022-03-20 14:45:00
1884,2022-03-20 15:00:00
1885,2022-03-20 15:15:00
1886,2022-03-20 15:30:00
1887,2022-03-20 15:45:00
1888,2022-03-20 16:00:00
1889,2022-03-20 16:15:00
1890,2022-03-20 16:30:00
1891,2022-03-20 16:45:00
1892,2022-03-20 17:00:00
1893,2022-03-20 17:15:00
1894,2022-03-20 17:30:00
1895,2022-03-20 17:45:00
1896,2022-03-20 18:00:00
1897,2022-03-20 18:15:00
1898,2022-03-20 18:30:00
1899,2022-03-20 18:45:00
1900,2022-03-20 19:00:00
1901,2022-03-20 19:15:00
1902,2022-03-20 19:30:00
1903,2022-03-20 19:45:00
1904,2022-03-20 20:00:00
1905,2022-03-20 20:15:00
1906,2022-03-20 20:30:00
1907,2022-03-20 20:45:00
1908,2022-03-20 21:00:00
1909,2022-03-20 21:15:00
1910,2022-03-20 21:30:00
1911,2022-03-20 21:45:00
1912,2022-03-20 22:00:00
1913,2022-03-20 22:15:00
1914,2022-03-20 22:30:00
1915,2022-03-20 22:45:00
1916,2022-03-20 23:00:00
1917,2022-03-20 23:15:00
1918,2022-03-20 23:30:00
1919,2022-03-20 23:45:00
1920,2022-03-21 00:00:00
1921,2022-03-21 00:15:00
1922,2022-03-21 00:30:00
1923,2022-03-21 00:45:00
1924,2022-03-21 01:00:00
1925,2022-03-21 01:15:00
1926,2022-03-21 01:30:00
1927,2022-03-21 01:45:00
1928,2022-03-21 02:00:00
1929,2022-03-21 02:15:00
1930,2022-03-21 02:30:00
1931,2022-03-21 02:45:00
1932,2022-03-21 03:00:00
1933,2022-03-21 03:15:00
1934,2022-03-21 03:30:00
1935,2022-03-21 03:45:00
1936,2022-03-21 04:00:00
1937,2022-03-21 04:15:00
1938,2022-03-21 04:30:00
1939,2022-03-21 04:45:00
1940,2022-03-21 05:00:00
1941,2022-03-21 05:15:00
1942,2022-03-21 05:30:00
1943,2022-03-21 05:45:00
1944,2022-03-21 06:00:00
1945,2022-03-21 06:15:00
1946,2022-03-21 06:30:00
1947,2022-03-21 06:45:00
1948,2022-03-21 07:00:00
1949,2022-03-21 07:15:00
1950,2022-03-21 07:30:00
1951,2022-03-21 07:45:00
1952,2022-03-21 08:00:00
1953,2022-03-21 08:15:00
1954,2022-03-21 08:30:00
1955,2022-03-21 08:45:00
1956,2022-03-21 09:00:00
1957,2022-03-21 09:15:00
1958,2022-03-21 09:30:00
1959,2022-03-21 09:45:00
1960,2022-03-21 10:00:00
1961,2022-03-21 10:15:00
1962,2022-03-21 10:30:00
1963,2022-03-21 10:45:00
1964,2022-03-21 11:00:00
1965,2022-03-21 11:15:00
1966,2022-03-21 11:30:00
1967,2022-03-21 11:45:00
1968,2022-03-21 12:00:00
1969,2022-03-21 12:15:00
1970,2022-03-21 12:30:00
1971,2022-03-21 12:45:00
1972,2022-03-21 13:00:00
1973,2022-03-21 13:15:00
1974,2022-03-21 13:30:00
1975,2022-03-21 13:45:00
1976,2022-03-21 14:00:00
1977,2022-03-21 14:15:00
1978,2022-03-21 14:30:00
1979,2022-03-21 14:45:00
1980,2022-03-21 15:00:00
1981,2022-03-21 15:15:00
1982,2022-03-21 15:30:00
1983,2022-03-21 15:45:00
1984,2022-03-21 16:00:00
1985,2022-03-21 16:15:00
1986,2022-03-21 16:30:00
1987,2022-03-21 16:45:00
1988,2022-03-21 17:00:00
1989,2022-03-21 17:15:00
1990,2022-03-21 17:30:00
1991,2022-03-21 17:45:00
1992,2022-03-21 18:00:00
1993,2022-03-21 18:15:00
1994,2022-03-21 18:30:00
1995,2022-03-21 18:45:00
1996,2022-03-21 19:00:00
1997,2022-03-21 19:15:00
1998,2022-03-21 19:30:00
1999,2022-03-21 19:45:00
2000,2022-03-21 20:00:00
2001,2022-03-21 20:15:00
2002,2022-03-21 20:30:00
2003,2022-03-21 20:45:00
2004,2022-03-21 21:00:00
2005,2022-03-21 21:15:00
2006,2022-03-21 21:30:00
2007,2022-03-21 21:45:00
2008,2022-03-21 22:00:00
2009,2022-03-21 22:15:00
2010,2022-03-21 22:30:00
2011,2022-03-21 22:45:00
2012,2022-03-21 23:00:00
2013,2022-03-21 23:15:00
2014,2022-03-21 23:30:00
2015,2022-03-21 23:45:00
2016,2022-03-22 00:00:00
2017,2022-03-22 00:15:00
2018,2022-03-22 00:30:00
2019,2022-03-22 00:45:00
2020,2022-03-22 01:00:00
2021,2022-03-22 01:15:00
2022,2022-03-22 01:30:00
2023,2022-03-22 01:45:00
2024,2022-03-22 02:00:00
2025,2022-03-22 02:15:00
2026,2022-03-22 02:30:00
2027,2022-03-22 02:45:00
2028,2022-03-22 03:00:00
2029,2022-03-22 03:15:00
2030,2022-03-22 03:30:00
2031,2022-03-22 03:45:00
2032,2022-03-22 04:00:00
2033,2022-03-22 04:15:00
2034,2022-03-22 04:30:00
2035,2022-03-22 04:45:00
2036,2022-03-22 05:00:00
2037,2022-03-22 05:15:00
2038,2022-03-22 05:30:00
2039,2022-03-22 05:45:00
2040,2022-03-22 06:00:00
2041,2022-03-22 06:15:00
2042,2022-03-22 06:30:00
2043,2022-03-22 06:45:00
2044,2022-03-22 07:00:00
2045,2022-03-22 07:15:00
2046,2022-03-22 07:30:00
2047,2022-03-22 07:45:00
2048,2022-03-22 08:00:00
2049,2022-03-22 08:15:00
2050,2022-03-22 08:30:00
2051,2022-03-22 08:45:00
2052,2022-03-22 09:00:00
2053,2022-03-22 09:15:00
2054,2022-03-22 09:30:00
2055,2022-03-22 09:45:00
2056,2022-03-22 10:00:00
2057,2022-03-22 10:15:00
2058,2022-03-22 10:30:00
2059,2022-03-22 10:45:00
2060,2022-03-22 11:00:00
2061,2022-03-22 11:15:00
2062,2022-03-22 11:30:00
2063,2022-03-22 11:45:00
2064,2022-03-22 12:00:00
2065,2022-03-22 12:15:00
2066,2022-03-22 12:30:00
2067,2022-03-22 12:45:00
2068,2022-03-22 13:00:00
2069,2022-03-22 13:15:00
2070,2022-03-22 13:30:00
2071,2022-03-22 13:45:00
2072,2022-03-22 14:00:00
2073,2022-03-22 14:15:00
2074,2022-03-22 14:30:00
2075,2022-03-22 14:45:00
2076,2022-03-22 15:00:00
2077,2022-03-22 15:15:00
2078,2022-03-22 15:30:00
2079,2022-03-22 15:45:00
2080,2022-03-22 16:00:00
2081,2022-03-22 16:15:00
2082,2022-03-22 16:30:00
2083,2022-03-22 16:45:00
2084,2022-03-22 17:00:00
2085,2022-03-22 17:15:00
2086,2022-03-22 17:30:00
2087,2022-03-22 17:45:00
2088,2022-03-22 18:00:00
2089,2022-03-22 18:15:00
2090,2022-03-22 18:30:00
2091,2022-03-22 18:45:00
2092,2022-03-22 19:00:00
2093,2022-03-22 19:15:00
2094,2022-03-22 19:30:00
2095,2022-03-22 19:45:00
2096,2022-03-22 20:00:00
2097,2022-03-22 20:15:00
2098,2022-03-22 20:30:00
2099,2022-03-22 20:45:00
2100,2022-03-22 21:00:00
2101,2022-03-22 21:15:00
2102,2022-03-22 21:30:00
2103,2022-03-22 21:45:00
2104,2022-03-22 22:00:00
2105,2022-03-22 22:15:00
2106,2022-03-22 22:30:00
2107,2022-03-22 22:45:00
2108,2022-03-22 23:00:00
2109,2022-03-22 23:15:00
2110,2022-03-22 23:30:00
2111,2022-03-22 23:45:00
2112,2022-03-23 00:00:00
2113,2022-03-23 00:15:00
2114,2022-03-23 00:30:00
2115,2022-03-23 00:45:00
2116,2022-03-23 01:00:00
2117,2022-03-23 01:15:00
2118,2022-03-23 01:30:00
2119,2022-03-23 01:45:00
2120,2022-03-23 02:00:00
2121,2022-03-23 02:15:00
2122,2022-03-23 02:30:00
2123,2022-03-23 02:45:00
2124,2022-03-23 03:00:00
2125,2022-03-23 03:15:00
2126,2022-03-23 03:30:00
2127,2022-03-23 03:45:00
2128,2022-03-23 04:00:00
2129,2022-03-23 04:15:00
2130,2022-03-23 04:30:00
2131,2022-03-23 04:45:00
2132,2022-03-23 05:00:00
2133,2022-03-23 05:15:00
2134,2022-03-23 05:30:00
2135,2022-03-23 05:45:00
2136,2022-03-23 06:00:00
2137,2022-03-23 06:15:00
2138,2022-03-23 06:30:00
2139,2022-03-23 06:45:00
2140,2022-03-23 07:00:00
2141,2022-03-23 07:15:00
2142,2022-03-23 07:30:00
2143,2022-03-23 07:45:00
2144,2022-03-23 08:00:00
2145,2022-03-23 08:15:00
2146,2022-03-23 08:30:00
2147,2022-03-23 08:45:00
2148,2022-03-23 09:00:00
2149,2022-03-23 09:15:00
2150,2022-03-23 09:30:00
2151,2022-03-23 09:45:00
2152,2022-03-23 10:00:00
2153,2022-03-23 10:15:00
2154,2022-03-23 10:30:00
2155,2022-03-23 10:45:00
2156,2022-03-23 11:00:00
2157,2022-03-23 11:15:00
2158,2022-03-23 11:30:00
2159,2022-03-23 11:45:00
2160,2022-03-23 12:00:00
2161,2022-03-23 12:15:00
2162,2022-03-23 12:30:00
2163,2022-03-23 12:45:00
2164,2022-03-23 13:00:00
2165,2022-03-23 13:15:00
2166,2022-03-23 13:30:00
2167,2022-03-23 13:45:00
2168,2022-03-23 14:00:00
2169,2022-03-23 14:15:00
2170,2022-03-23 14:30:00
2171,2022-03-23 14:45:00
2172,2022-03-23 15:00:00
2173,2022-03-23 15:15:00
2174,2022-03-23 15:30:00
2175,2022-03-23 15:45:00
2176,2022-03-23 16:00:00
2177,2022-03-23 16:15:00
2178,2022-03-23 16:30:00
2179,2022-03-23 16:45:00
2180,2022-03-23 17:00:00
2181,2022-03-23 17:15:00
2182,2022-03-23 17:30:00
2183,2022-03-23 17:45:00
2184,2022-03-23 18:00:00
2185,2022-03-23 18:15:00
2186,2022-03-23 18:30:00
2187,2022-03-23 18:45:00
2188,2022-03-23 19:00:00
2189,2022-03-23 19:15:00
2190,2022-03-23 19:30:00
2191,2022-03-23 19:45:00
2192,2022-03-23 20:00:00
2193,2022-03-23 20:15:00
2194,2022-03-23 20:30:00
2195,2022-03-23 20:45:00
2196,2022-03-23 21:00:00
2197,2022-03-23 21:15:00
2198,2022-03-23 21:30:00
2199,2022-03-23 21:45:00
2200,2022-03-23 22:00:00
2201,2022-03-23 22:15:00
2202,2022-03-23 22:30:00
2203,2022-03-23 22:45:00
2204,2022-03-23 23:00:00
2205,2022-03-23 23:15:00
2206,2022-03-23 23:30:00
2207,2022-03-23 23:45:00
2208,2022-03-24 00:00:00
2209,2022-03-24 00:15:00
2210,2022-03-24 00:30:00
2211,2022-03-24 00:45:00
2212,2022-03-24 01:00:00
2213,2022-03-24 01:15:00
2214,2022-03-24 01:30:00
2215,2022-03-24 01:45:00
2216,2022-03-24 02:00:00
2217,2022-03-24 02:15:00
2218,2022-03-24 02:30:00
2219,2022-03-24 02:45:00
2220,2022-03-24 03:00:00
2221,2022-03-24 03:15:00
2222,2022-03-24 03:30:00
2223,2022-03-24 03:45:00
2224,2022-03-24 04:00:00
2225,2022-03-24 04:15:00
2226,2022-03-24 04:30:00
2227,2022-03-24 04:45:00
2228,2022-03-24 05:00:00
2229,2022-03-24 05:15:00
2230,2022-03-24 05:30:00
2231,2022-03-24 05:45:00
2232,2022-03-24 06:00:00
2233,2022-03-24 06:15:00
2234,2022-03-24 06:30:00
2235,2022-03-24 06:45:00
2236,2022-03-24 07:00:00
2237,2022-03-24 07:15:00
2238,2022-03-24 07:30:00
2239,2022-03-24 07:45:00
2240,2022-03-24 08:00:00
2241,2022-03-24 08:15:00
2242,2022-03-24 08:30:00
2243,2022-03-24 08:45:00
2244,2022-03-24 09:00:00
2245,2022-03-24 09:15:00
2246,2022-03-24 09:30:00
2247,2022-03-24 09:45:00
2248,2022-03-24 10:00:00
2249,2022-03-24 10:15:00
2250,2022-03-24 10:30:00
2251,2022-03-24 10:45:00
2252,2022-03-24 11:00:00
2253,2022-03-24 11:15:00
2254,2022-03-24 11:30:00
2255,2022-03-24 11:45:00
2256,2022-03-24 12:00:00
2257,2022-03-24 12:15:00
2258,2022-03-24 12:30:00
2259,2022-03-24 12:45:00
2260,2022-03-24 13:00:00
2261,2022-03-24 13:15:00
2262,2022-03-24 13:30:00
2263,2022-03-24 13:45:00
2264,2022-03-24 14:00:00
2265,2022-03-24 14:15:00
2266,2022-03-24 14:30:00
2267,2022-03-24 14:45:00
2268,2022-03-24 15:00:00
2269,2022-03-24 15:15:00
2270,2022-03-24 15:30:00
2271,2022-03-24 15:45:00
2272,2022-03-24 16:00:00
2273,2022-03-24 16:15:00
2274,2022-03-24 16:30:00
2275,2022-03-24 16:45:00
2276,2022-03-24 17:00:00
2277,2022-03-24 17:15:00
2278,2022-03-24 17:30:00
2279,2022-03-24 17:45:00
2280,2022-03-24 18:00:00
2281,2022-03-24 18:15:00
2282,2022-03-24 18:30:00
2283,2022-03-24 18:45:00
2284,2022-03-24 19:00:00
2285,2022-03-24 19:15:00
2286,2022-03-24 19:30:00
2287,2022-03-24 19:45:00
2288,2022-03-24 20:00:00
2289,2022-03-24 20:15:00
2290,2022-03-24 20:30:00
2291,2022-03-24 20:45:00
2292,2022-03-24 21:00:00
2293,2022-03-24 21:15:00
2294,2022-03-24 21:30:00
2295,2022-03-24 21:45:00
2296,2022-03-24 22:00:00
2297,2022-03-24 22:15:00
2298,2022-03-24 22:30:00
2299,2022-03-24 22:45:00
2300,2022-03-24 23:00:00
2301,2022-03-24 23:15:00
2302,2022-03-24 23:30:00
2303,2022-03-24 23:45:00
2304,2022-03-25 00:00:00
2305,2022-03-25 00:15:00
2306,2022-03-25 00:30:00
2307,2022-03-25 00:45:00
2308,2022-03-25 01:00:00
2309,2022-03-25 01:15:00
2310,2022-03-25 01:30:00
2311,2022-03-25 01:45:00
2312,2022-03-25 02:00:00
2313,2022-03-25 02:15:00
2314,2022-03-25 02:30:00
2315,2022-03-25 02:45:00
2316,2022-03-25 03:00:00
2317,2022-03-25 03:15:00
2318,2022-03-25 03:30:00
2319,2022-03-25 03:45:00
2320,2022-03-25 04:00:00
2321,2022-03-25 04:15:00
2322,2022-03-25 04:30:00
2323,2022-03-25 04:45:00
2324,2022-03-25 05:00:00
2325,2022-03-25 05:15:00
2326,2022-03-25 05:30:00
2327,2022-03-25 05:45:00
2328,2022-03-25 06:00:00
2329,2022-03-25 06:15:00
2330,2022-03-25 06:30:00
2331,2022-03-25 06:45:00
2332,2022-03-25 07:00:00
2333,2022-03-25 07:15:00
2334,2022-03-25 07:30:00
2335,2022-03-25 07:45:00
2336,2022-03-25 08:00:00
2337,2022-03-25 08:15:00
2338,2022-03-25 08:30:00
2339,2022-03-25 08:45:00
2340,2022-03-25 09:00:00
2341,2022-03-25 09:15:00
2342,2022-03-25 09:30:00
2343,2022-03-25 09:45:00
2344,2022-03-25 10:00:00
2345,2022-03-25 10:15:00
2346,2022-03-25 10:30:00
2347,2022-03-25 10:45:00
2348,2022-03-25 11:00:00
2349,2022-03-25 11:15:00
2350,2022-03-25 11:30:00
2351,2022-03-25 11:45:00
2352,2022-03-25 12:00:00
2353,2022-03-25 12:15:00
2354,2022-03-25 12:30:00
2355,2022-03-25 12:45:00
2356,2022-03-25 13:00:00
2357,2022-03-25 13:15:00
2358,2022-03-25 13:30:00
2359,2022-03-25 13:45:00
2360,2022-03-25 14:00:00
2361,2022-03-25 14:15:00
2362,2022-03-25 14:30:00
2363,2022-03-25 14:45:00
2364,2022-03-25 15:00:00
2365,2022-03-25 15:15:00
2366,2022-03-25 15:30:00
2367,2022-03-25 15:45:00
2368,2022-03-25 16:00:00
2369,2022-03-25 16:15:00
2370,2022-03-25 16:30:00
2371,2022-03-25 16:45:00
2372,2022-03-25 17:00:00
2373,2022-03-25 17:15:00
2374,2022-03-25 17:30:00
2375,2022-03-25 17:45:00
2376,2022-03-25 18:00:00
2377,2022-03-25 18:15:00
2378,2022-03-25 18:30:00
2379,2022-03-25 18:45:00
2380,2022-03-25 19:00:00
2381,2022-03-25 19:15:00
2382,2022-03-25 19:30:00
2383,2022-03-25 19:45:00
2384,2022-03-25 20:00:00
2385,2022-03-25 20:15:00
2386,2022-03-25 20:30:00
2387,2022-03-25 20:45:00
2388,2022-03-25 21:00:00
2389,2022-03-25 21:15:00
2390,2022-03-25 21:30:00
2391,2022-03-25 21:45:00
2392,2022-03-25 22:00:00
2393,2022-03-25 22:15:00
2394,2022-03-25 22:30:00
2395,2022-03-25 22:45:00
2396,2022-03-25 23:00:00
2397,2022-03-25 23:15:00
2398,2022-03-25 23:30:00
2399,2022-03-25 23:45:00
2400,2022-03-26 00:00:00
2401,2022-03-26 00:15:00
2402,2022-03-26 00:30:00
2403,2022-03-26 00:45:00
2404,2022-03-26 01:00:00
2405,2022-03-26 01:15:00
2406,2022-03-26 01:30:00
2407,2022-03-26 01:45:00
2408,2022-03-26 02:00:00
2409,2022-03-26 02:15:00
2410,2022-03-26 02:30:00
2411,2022-03-26 02:45:00
2412,2022-03-26 03:00:00
2413,2022-03-26 03:15:00
2414,2022-03-26 03:30:00
2415,2022-03-26 03:45:00
2416,2022-03-26 04:00:00
2417,2022-03-26 04:15:00
2418,2022-03-26 04:30:00
2419,2022-03-26 04:45:00
2420,2022-03-26 05:00:00
2421,2022-03-26 05:15:00
2422,2022-03-26 05:30:00
2423,2022-03-26 05:45:00
2424,2022-03-26 06:00:00
2425,2022-03-26 06:15:00
2426,2022-03-26 06:30:00
2427,2022-03-26 06:45:00
2428,2022-03-26 07:00:00
2429,2022-03-26 07:15:00
2430,2022-03-26 07:30:00
2431,2022-03-26 07:45:00
2432,2022-03-26 08:00:00
2433,2022-03-26 08:15:00
2434,2022-03-26 08:30:00
2435,2022-03-26 08:45:00
2436,2022-03-26 09:00:00
2437,2022-03-26 09:15:00
2438,2022-03-26 09:30:00
2439,2022-03-26 09:45:00
2440,2022-03-26 10:00:00
2441,2022-03-26 10:15:00
2442,2022-03-26 10:30:00
2443,2022-03-26 10:45:00
2444,2022-03-26 11:00:00
2445,2022-03-26 11:15:00
2446,2022-03-26 11:30:00
2447,2022-03-26 11:45:00
2448,2022-03-26 12:00:00
2449,2022-03-26 12:15:00
2450,2022-03-26 12:30:00
2451,2022-03-26 12:45:00
2452,2022-03-26 13:00:00
2453,2022-03-26 13:15:00
2454,2022-03-26 13:30:00
2455,2022-03-26 13:45:00
2456,2022-03-26 14:00:00
2457,2022-03-26 14:15:00
2458,2022-03-26 14:30:00
2459,2022-03-26 14:45:00
2460,2022-03-26 15:00:00
2461,2022-03-26 15:15:00
2462,2022-03-26 15:30:00
2463,2022-03-26 15:45:00
2464,2022-03-26 16:00:00
2465,2022-03-26 16:15:00
2466,2022-03-26 16:30:00
2467,2022-03-26 16:45:00
2468,2022-03-26 17:00:00
2469,2022-03-26 17:15:00
2470,2022-03-26 17:30:00
2471,2022-03-26 17:45:00
2472,2022-03-26 18:00:00
2473,2022-03-26 18:15:00
2474,2022-03-26 18:30:00
2475,2022-03-26 18:45:00
2476,2022-03-26 19:00:00
2477,2022-03-26 19:15:00
2478,2022-03-26 19:30:00
2479,2022-03-26 19:45:00
2480,2022-03-26 20:00:00
2481,2022-03-26 20:15:00
2482,2022-03-26 20:30:00
2483,2022-03-26 20:45:00
2484,2022-03-26 21:00:00
2485,2022-03-26 21:15:00
2486,2022-03-26 21:30:00
2487,2022-03-26 21:45:00
2488,2022-03-26 22:00:00
2489,2022-03-26 22:15:00
2490,2022-03-26 22:30:00
2491,2022-03-26 22:45:00
2492,2022-03-26 23:00:00
2493,2022-03-26 23:15:00
2494,2022-03-26 23:30:00
2495,2022-03-26 23:45:00
2496,2022-03-27 00:00:00
2497,2022-03-27 00:15:00
2498,2022-03-27 00:30:00
2499,2022-03-27 00:45:00
2500,2022-03-27 01:00:00
2501,2022-03-27 01:15:00
2502,2022-03-27 01:30:00
2503,2022-03-27 01:45:00
2504,2022-03-27 02:00:00
2505,2022-03-27 02:15:00
2506,2022-03-27 02:30:00
2507,2022-03-27 02:45:00
2508,2022-03-27 03:00:00
2509,2022-03-27 03:15:00
2510,2022-03-27 03:30:00
2511,2022-03-27 03:45:00
2512,2022-03-27 04:00:00
2513,2022-03-27 04:15:00
2514,2022-03-27 04:30:00
2515,2022-03-27 04:45:00
2516,2022-03-27 05:00:00
2517,2022-03-27 05:15:00
2518,2022-03-27 05:30:00
2519,2022-03-27 05:45:00
2520,2022-03-27 06:00:00
2521,2022-03-27 06:15:00
2522,2022-03-27 06:30:00
2523,2022-03-27 06:45:00
2524,2022-03-27 07:00:00
2525,2022-03-27 07:15:00
2526,2022-03-27 07:30:00
2527,2022-03-27 07:45:00
2528,2022-03-27 08:00:00
2529,2022-03-27 08:15:00
2530,2022-03-27 08:30:00
2531,2022-03-27 08:45:00
2532,2022-03-27 09:00:00
2533,2022-03-27 09:15:00
2534,2022-03-27 09:30:00
2535,2022-03-27 09:45:00
2536,2022-03-27 10:00:00
2537,2022-03-27 10:15:00
2538,2022-03-27 10:30:00
2539,2022-03-27 10:45:00
2540,2022-03-27 11:00:00
2541,2022-03-27 11:15:00
2542,2022-03-27 11:30:00
2543,2022-03-27 11:45:00
2544,2022-03-27 12:00:00
2545,2022-03-27 12:15:00
2546,2022-03-27 12:30:00
2547,2022-03-27 12:45:00
2548,2022-03-27 13:00:00
2549,2022-03-27 13:15:00
2550,2022-03-27 13:30:00
2551,2022-03-27 13:45:00
2552,2022-03-27 14:00:00
2553,2022-03-27 14:15:00
2554,2022-03-27 14:30:00
2555,2022-03-27 14:45:00
2556,2022-03-27 15:00:00
2557,2022-03-27 15:15:00
2558,2022-03-27 15:30:00
2559,2022-03-27 15:45:00
2560,2022-03-27 16:00:00
2561,2022-03-27 16:15:00
2562,2022-03-27 16:30:00
2563,2022-03-27 16:45:00
2564,2022-03-27 17:00:00
2565,2022-03-27 17:15:00
2566,2022-03-27 17:30:00
2567,2022-03-27 17:45:00
2568,2022-03-27 18:00:00
2569,2022-03-27 18:15:00
2570,2022-03-27 18:30:00
2571,2022-03-27 18:45:00
2572,2022-03-27 19:00:00
2573,2022-03-27 19:15:00
2574,2022-03-27 19:30:00
2575,2022-03-27 19:45:00
2576,2022-03-27 20:00:00
2577,2022-03-27 20:15:00
2578,2022-03-27 20:30:00
2579,2022-03-27 20:45:00
2580,2022-03-27 21:00:00
2581,2022-03-27 21:15:00
2582,2022-03-27 21:30:00
2583,2022-03-27 21:45:00
2584,2022-03-27 22:00:00
2585,2022-03-27 22:15:00
2586,2022-03-27 22:30:00
2587,2022-03-27 22:45:00
2588,2022-03-27 23:00:00
2589,2022-03-27 23:15:00
2590,2022-03-27 23:30:00
2591,2022-03-27 23:45:00
2592,2022-03-28 00:00:00
2593,2022-03-28 00:15:00
2594,2022-03-28 00:30:00
2595,2022-03-28 00:45:00
2596,2022-03-28 01:00:00
2597,2022-03-28 01:15:00
2598,2022-03-28 01:30:00
2599,2022-03-28 01:45:00
2600,2022-03-28 02:00:00
2601,2022-03-28 02:15:00
2602,2022-03-28 02:30:00
2603,2022-03-28 02:45:00
2604,2022-03-28 03:00:00
2605,2022-03-28 03:15:00
2606,2022-03-28 03:30:00
2607,2022-03-28 03:45:00
2608,2022-03-28 04:00:00
2609,2022-03-28 04:15:00
2610,2022-03-28 04:30:00
2611,2022-03-28 04:45:00
2612,2022-03-28 05:00:00
2613,2022-03-28 05:15:00
2614,2022-03-28 05:30:00
2615,2022-03-28 05:45:00
2616,2022-03-28 06:00:00
2617,2022-03-28 06:15:00
2618,2022-03-28 06:30:00
2619,2022-03-28 06:45:00
2620,2022-03-28 07:00:00
2621,2022-03-28 07:15:00
2622,2022-03-28 07:30:00
2623,2022-03-28 07:45:00
2624,2022-03-28 08:00:00
2625,2022-03-28 08:15:00
2626,2022-03-28 08:30:00
2627,2022-03-28 08:45:00
2628,2022-03-28 09:00:00
2629,2022-03-28 09:15:00
2630,2022-03-28 09:30:00
2631,2022-03-28 09:45:00
2632,2022-03-28 10:00:00
2633,2022-03-28 10:15:00
2634,2022-03-28 10:30:00
2635,2022-03-28 10:45:00
2636,2022-03-28 11:00:00
2637,2022-03-28 11:15:00
2638,2022-03-28 11:30:00
2639,2022-03-28 11:45:00
2640,2022-03-28 12:00:00
2641,2022-03-28 12:15:00
2642,2022-03-28 12:30:00
2643,2022-03-28 12:45:00
2644,2022-03-28 13:00:00
2645,2022-03-28 13:15:00
2646,2022-03-28 13:30:00
2647,2022-03-28 13:45:00
2648,2022-03-28 14:00:00
2649,2022-03-28 14:15:00
2650,2022-03-28 14:30:00
2651,2022-03-28 14:45:00
2652,2022-03-28 15:00:00
2653,2022-03-28 15:15:00
2654,2022-03-28 15:30:00
2655,2022-03-28 15:45:00
2656,2022-03-28 16:00:00
2657,2022-03-28 16:15:00
2658,2022-03-28 16:30:00
2659,2022-03-28 16:45:00
2660,2022-03-28 17:00:00
2661,2022-03-28 17:15:00
2662,2022-03-28 17:30:00
2663,2022-03-28 17:45:00
2664,2022-03-28 18:00:00
2665,2022-03-28 18:15:00
2666,2022-03-28 18:30:00
2667,2022-03-28 18:45:00
2668,2022-03-28 19:00:00
2669,2022-03-28 19:15:00
2670,2022-03-28 19:30:00
2671,2022-03-28 19:45:00
2672,2022-03-28 20:00:00
2673,2022-03-28 20:15:00
2674,2022-03-28 20:30:00
2675,2022-03-28 20:45:00
2676,2022-03-28 21:00:00
2677,2022-03-28 21:15:00
2678,2022-03-28 21:30:00
2679,2022-03-28 21:45:00
2680,2022-03-28 22:00:00
2681,2022-03-28 22:15:00
2682,2022-03-28 22:30:00
2683,2022-03-28 22:45:00
2684,2022-03-28 23:00:00
2685,2022-03-28 23:15:00
2686,2022-03-28 23:30:00
2687,2022-03-28 23:45:00
2688,2022-03-29 00:00:00
2689,2022-03-29 00:15:00
2690,2022-03-29 00:30:00
2691,2022-03-29 00:45:00
2692,2022-03-29 01:00:00
2693,2022-03-29 01:15:00
2694,2022-03-29 01:30:00
2695,2022-03-29 01:45:00
2696,2022-03-29 02:00:00
2697,2022-03-29 02:15:00
2698,2022-03-29 02:30:00
2699,2022-03-29 02:45:00
2700,2022-03-29 03:00:00
2701,2022-03-29 03:15:00
2702,2022-03-29 03:30:00
2703,2022-03-29 03:45:00
2704,2022-03-29 04:00:00
2705,2022-03-29 04:15:00
2706,2022-03-29 04:30:00
2707,2022-03-29 04:45:00
2708,2022-03-29 05:00:00
2709,2022-03-29 05:15:00
2710,2022-03-29 05:30:00
2711,2022-03-29 05:45:00
2712,2022-03-29 06:00:00
2713,2022-03-29 06:15:00
2714,2022-03-29 06:30:00
2715,2022-03-29 06:45:00
2716,2022-03-29 07:00:00
2717,2022-03-29 07:15:00
2718,2022-03-29 07:30:00
2719,2022-03-29 07:45:00
2720,2022-03-29 08:00:00
2721,2022-03-29 08:15:00
2722,2022-03-29 08:30:00
2723,2022-03-29 08:45:00
2724,2022-03-29 09:00:00
2725,2022-03-29 09:15:00
2726,2022-03-29 09:30:00
2727,2022-03-29 09:45:00
2728,2022-03-29 10:00:00
2729,2022-03-29 10:15:00
2730,2022-03-29 10:30:00
2731,2022-03-29 10:45:00
2732,2022-03-29 11:00:00
2733,2022-03-29 11:15:00
2734,2022-03-29 11:30:00
2735,2022-03-29 11:45:00
2736,2022-03-29 12:00:00
2737,2022-03-29 12:15:00
2738,2022-03-29 12:30:00
2739,2022-03-29 12:45:00
2740,2022-03-29 13:00:00
2741,2022-03-29 13:15:00
2742,2022-03-29 13:30:00
2743,2022-03-29 13:45:00
2744,2022-03-29 14:00:00
2745,2022-03-29 14:15:00
2746,2022-03-29 14:30:00
2747,2022-03-29 14:45:00
2748,2022-03-29 15:00:00
2749,2022-03-29 15:15:00
2750,2022-03-29 15:30:00
2751,2022-03-29 15:45:00
2752,2022-03-29 16:00:00
2753,2022-03-29 16:15:00
2754,2022-03-29 16:30:00
2755,2022-03-29 16:45:00
2756,2022-03-29 17:00:00
2757,2022-03-29 17:15:00
2758,2022-03-29 17:30:00
2759,2022-03-29 17:45:00
2760,2022-03-29 18:00:00
2761,2022-03-29 18:15:00
2762,2022-03-29 18:30:00
2763,2022-03-29 18:45:00
2764,2022-03-29 19:00:00
2765,2022-03-29 19:15:00
2766,2022-03-29 19:30:00
2767,2022-03-29 19:45:00
2768,2022-03-29 20:00:00
2769,2022-03-29 20:15:00
2770,2022-03-29 20:30:00
2771,2022-03-29 20:45:00
2772,2022-03-29 21:00:00
2773,2022-03-29 21:15:00
2774,2022-03-29 21:30:00
2775,2022-03-29 21:45:00
2776,2022-03-29 22:00:00
2777,2022-03-29 22:15:00
2778,2022-03-29 22:30:00
2779,2022-03-29 22:45:00
2780,2022-03-29 23:00:00
2781,2022-03-29 23:15:00
2782,2022-03-29 23:30:00
2783,2022-03-29 23:45:00
2784,2022-03-30 00:00:00
2785,2022-03-30 00:15:00
2786,2022-03-30 00:30:00
2787,2022-03-30 00:45:00
2788,2022-03-30 01:00:00
2789,2022-03-30 01:15:00
2790,2022-03-30 01:30:00
2791,2022-03-30 01:45:00
2792,2022-03-30 02:00:00
2793,2022-03-30 02:15:00
2794,2022-03-30 02:30:00
2795,2022-03-30 02:45:00
2796,2022-03-30 03:00:00
2797,2022-03-30 03:15:00
2798,2022-03-30 03:30:00
2799,2022-03-30 03:45:00
2800,2022-03-30 04:00:00
2801,2022-03-30 04:15:00
2802,2022-03-30 04:30:00
2803,2022-03-30 04:45:00
2804,2022-03-30 05:00:00
2805,2022-03-30 05:15:00
2806,2022-03-30 05:30:00
2807,2022-03-30 05:45:00
2808,2022-03-30 06:00:00
2809,2022-03-30 06:15:00
2810,2022-03-30 06:30:00
2811,2022-03-30 06:45:00
2812,2022-03-30 07:00:00
2813,2022-03-30 07:15:00
2814,2022-03-30 07:30:00
2815,2022-03-30 07:45:00
2816,2022-03-30 08:00:00
2817,2022-03-30 08:15:00
2818,2022-03-30 08:30:00
2819,2022-03-30 08:45:00
2820,2022-03-30 09:00:00
2821,2022-03-30 09:15:00
2822,2022-03-30 09:30:00
2823,2022-03-30 09:45:00
2824,2022-03-30 10:00:00
2825,2022-03-30 10:15:00
2826,2022-03-30 10:30:00
2827,2022-03-30 10:45:00
2828,2022-03-30 11:00:00
2829,2022-03-30 11:15:00
2830,2022-03-30 11:30:00
2831,2022-03-30 11:45:00
2832,2022-03-30 12:00:00
2833,2022-03-30 12:15:00
2834,2022-03-30 12:30:00
2835,2022-03-30 12:45:00
2836,2022-03-30 13:00:00
2837,2022-03-30 13:15:00
2838,2022-03-30 13:30:00
2839,2022-03-30 13:45:00
2840,2022-03-30 14:00:00
2841,2022-03-30 14:15:00
2842,2022-03-30 14:30:00
2843,2022-03-30 14:45:00
2844,2022-03-30 15:00:00
2845,2022-03-30 15:15:00
2846,2022-03-30 15:30:00
2847,2022-03-30 15:45:00
2848,2022-03-30 16:00:00
2849,2022-03-30 16:15:00
2850,2022-03-30 16:30:00
2851,2022-03-30 16:45:00
2852,2022-03-30 17:00:00
2853,2022-03-30 17:15:00
2854,2022-03-30 17:30:00
2855,2022-03-30 17:45:00
2856,2022-03-30 18:00:00
2857,2022-03-30 18:15:00
2858,2022-03-30 18:30:00
2859,2022-03-30 18:45:00
2860,2022-03-30 19:00:00
2861,2022-03-30 19:15:00
2862,2022-03-30 19:30:00
2863,2022-03-30 19:45:00
2864,2022-03-30 20:00:00
2865,2022-03-30 20:15:00
2866,2022-03-30 20:30:00
2867,2022-03-30 20:45:00
2868,2022-03-30 21:00:00
2869,2022-03-30 21:15:00
2870,2022-03-30 21:30:00
2871,2022-03-30 21:45:00
2872,2022-03-30 22:00:00
2873,2022-03-30 22:15:00
2874,2022-03-30 22:30:00
2875,2022-03-30 22:45:00
2876,2022-03-30 23:00:00
2877,2022-03-30 23:15:00
2878,2022-03-30 23:30:00
2879,2022-03-30 23:45:00
2880,2022-03-31 00:00:00
2881,2022-03-31 00:15:00
2882,2022-03-31 00:30:00
2883,2022-03-31 00:45:00
2884,2022-03-31 01:00:00
2885,2022-03-31 01:15:00
2886,2022-03-31 01:30:00
2887,2022-03-31 01:45:00
2888,2022-03-31 02:00:00
2889,2022-03-31 02:15:00
2890,2022-03-31 02:30:00
2891,2022-03-31 02:45:00
2892,2022-03-31 03:00:00
2893,2022-03-31 03:15:00
2894,2022-03-31 03:30:00
2895,2022-03-31 03:45:00
2896,2022-03-31 04:00:00
2897,2022-03-31 04:15:00
2898,2022-03-31 04:30:00
2899,2022-03-31 04:45:00
2900,2022-03-31 05:00:00
2901,2022-03-31 05:15:00
2902,2022-03-31 05:30:00
2903,2022-03-31 05:45:00
2904,2022-03-31 06:00:00
2905,2022-03-31 06:15:00
2906,2022-03-31 06:30:00
2907,2022-03-31 06:45:00
2908,2022-03-31 07:00:00
2909,2022-03-31 07:15:00
2910,2022-03-31 07:30:00
2911,2022-03-31 07:45:00
2912,2022-03-31 08:00:00
2913,2022-03-31 08:15:00
2914,2022-03-31 08:30:00
2915,2022-03-31 08:45:00
2916,2022-03-31 09:00:00
2917,2022-03-31 09:15:00
2918,2022-03-31 09:30:00
2919,2022-03-31 09:45:00
2920,2022-03-31 10:00:00
2921,2022-03-31 10:15:00
2922,2022-03-31 10:30:00
2923,2022-03-31 10:45:00
2924,2022-03-31 11:00:00
2925,2022-03-31 11:15:00
2926,2022-03-31 11:30:00
2927,2022-03-31 11:45:00
2928,2022-03-31 12:00:00
2929,2022-03-31 12:15:00
2930,2022-03-31 12:30:00
2931,2022-03-31 12:45:00
2932,2022-03-31 13:00:00
2933,2022-03-31 13:15:00
2934,2022-03-31 13:30:00
2935,2022-03-31 13:45:00
2936,2022-03-31 14:00:00
2937,2022-03-31 14:15:00
2938,2022-03-31 14:30:00
2939,2022-03-31 14:45:00
2940,2022-03-31 15:00:00
2941,2022-03-31 15:15:00
2942,2022-03-31 15:30:00
2943,2022-03-31 15:45:00
2944,2022-03-31 16:00:00
2945,2022-03-31 16:15:00
2946,2022-03-31 16:30:00
2947,2022-03-31 16:45:00
2948,2022-03-31 17:00:00
2949,2022-03-31 17:15:00
2950,2022-03-31 17:30:00
2951,2022-03-31 17:45:00
2952,2022-03-31 18:00:00
2953,2022-03-31 18:15:00
2954,2022-03-31 18:30:00
2955,2022-03-31 18:45:00
2956,2022-03-31 19:00:00
2957,2022-03-31 19:15:00
2958,2022-03-31 19:30:00
2959,2022-03-31 19:45:00
2960,2022-03-31 20:00:00
2961,2022-03-31 20:15:00
2962,2022-03-31 20:30:00
2963,2022-03-31 20:45:00
2964,2022-03-31 21:00:00
2965,2022-03-31 21:15:00
2966,2022-03-31 21:30:00
2967,2022-03-31 21:45:00
2968,2022-03-31 22:00:00
2969,2022-03-31 22:15:00
2970,2022-03-31 22:30:00
2971,2022-03-31 22:45:00
2972,2022-03-31 23:00:00
2973,2022-03-31 23:15:00
2974,2022-03-31 23:30:00
2975,2022-03-31 23:45:00
